Entity,Code,Year,Deaths - Malaria - Sex: Both - Age: All Ages (Number),Indicator:Estimated number of malaria deaths,Population (historical estimates),Continent
Afghanistan,AFG,2000,263.0,965,20779957.0,
Afghanistan,AFG,2001,211.0,965,21606992.0,
Afghanistan,AFG,2002,2883.0,1133,22600774.0,
Afghanistan,AFG,2003,2188.0,798,23680871.0,
Afghanistan,AFG,2004,773.0,350,24726689.0,
Afghanistan,AFG,2005,545.0,259,25654274.0,
Afghanistan,AFG,2006,414.0,222,26433058.0,
Afghanistan,AFG,2007,393.0,236,27100542.0,
Afghanistan,AFG,2008,255.0,198,27722281.0,
Afghanistan,AFG,2009,239.0,139,28394806.0,
Afghanistan,AFG,2010,377.0,165,29185511.0,
Afghanistan,AFG,2011,390.0,192,30117411.0,
Afghanistan,AFG,2012,94.0,92,31161378.0,
Afghanistan,AFG,2013,143.0,129,32269592.0,
Afghanistan,AFG,2014,228.0,152,33370803.0,
Afghanistan,AFG,2015,284.0,174,34413603.0,Asia
Afghanistan,AFG,2016,388.0,351,35383028.0,
Afghanistan,AFG,2017,399.0,378,36296111.0,
Afghanistan,AFG,2018,466.0,292,37171922.0,
Afghanistan,AFG,2019,530.0,170,38041757.0,
Afghanistan,AFG,2020,,110,38928341.0,
Africa,,2000,,839720,810984230.0,
Africa,,2001,,837574,830902539.0,
Africa,,2002,,796770,851298437.0,
Africa,,2003,,773527,872248336.0,
Africa,,2004,,749963,893842786.0,
Africa,,2005,,723264,916154285.0,
Africa,,2006,,714573,939210049.0,
Africa,,2007,,697946,963021837.0,
Africa,,2008,,678129,987623519.0,
Africa,,2009,,671207,1013045724.0,
Africa,,2010,,645874,1039304030.0,
Africa,,2011,,607628,1066409711.0,
Africa,,2012,,575258,1094343029.0,
Africa,,2013,,555751,1123045137.0,
Africa,,2014,,534225,1152433617.0,
Africa,,2015,,527099,1182438803.0,
Africa,,2016,,528332,1213040542.0,
Africa,,2017,,542464,1244222269.0,
Africa,,2018,,533041,1275921014.0,
Africa,,2019,,534201,1308064176.0,
Africa,,2020,,602020,1340598111.0,
Albania,ALB,2020,,No malaria,2877800.0,
Algeria,DZA,2000,0.0,2,31042238.0,
Algeria,DZA,2001,0.0,1,31451513.0,
Algeria,DZA,2002,0.0,0,31855110.0,
Algeria,DZA,2003,0.0,0,32264159.0,
Algeria,DZA,2004,0.0,0,32692153.0,
Algeria,DZA,2005,0.0,0,33149720.0,
Algeria,DZA,2006,0.0,0,33641007.0,
Algeria,DZA,2007,0.0,0,34166976.0,
Algeria,DZA,2008,0.0,0,34730604.0,
Algeria,DZA,2009,0.0,0,35333882.0,
Algeria,DZA,2010,0.0,1,35977451.0,
Algeria,DZA,2011,0.0,0,36661438.0,
Algeria,DZA,2012,0.0,0,37383899.0,
Algeria,DZA,2013,0.0,0,38140135.0,
Algeria,DZA,2014,0.0,0,38923688.0,
Algeria,DZA,2015,0.0,0,39728020.0,Africa
Algeria,DZA,2016,0.0,0,40551398.0,
Algeria,DZA,2017,0.0,0,41389174.0,
Algeria,DZA,2018,0.0,0,42228415.0,
Algeria,DZA,2019,0.0,0,43053054.0,
Algeria,DZA,2020,,No malaria,43851043.0,
Americas,,2000,,909,,
Americas,,2001,,832,,
Americas,,2002,,764,,
Americas,,2003,,726,,
Americas,,2004,,711,,
Americas,,2005,,687,,
Americas,,2006,,581,,
Americas,,2007,,503,,
Americas,,2008,,470,,
Americas,,2009,,463,,
Americas,,2010,,502,,
Americas,,2011,,464,,
Americas,,2012,,430,,
Americas,,2013,,470,,
Americas,,2014,,348,,
Americas,,2015,,414,,
Americas,,2016,,529,,
Americas,,2017,,664,,
Americas,,2018,,571,,
Americas,,2019,,509,,
Americas,,2020,,409,,
Andorra,AND,2020,,No malaria,77265.0,
Angola,AGO,2000,11038.0,23661,16395476.0,
Angola,AGO,2001,12333.0,24478,16945753.0,
Angola,AGO,2002,13391.0,22952,17519418.0,
Angola,AGO,2003,14880.0,22694,18121477.0,
Angola,AGO,2004,16955.0,22169,18758138.0,
Angola,AGO,2005,17846.0,21709,19433604.0,
Angola,AGO,2006,17567.0,20525,20149905.0,
Angola,AGO,2007,16328.0,18237,20905360.0,
Angola,AGO,2008,13805.0,15280,21695636.0,
Angola,AGO,2009,11334.0,13342,22514275.0,
Angola,AGO,2010,10045.0,12398,23356247.0,
Angola,AGO,2011,8972.0,11832,24220660.0,
Angola,AGO,2012,8550.0,11461,25107925.0,
Angola,AGO,2013,8570.0,11586,26015786.0,
Angola,AGO,2014,8798.0,12036,26941773.0,
Angola,AGO,2015,9549.0,12551,27884380.0,Africa
Angola,AGO,2016,10192.0,13430,28842482.0,
Angola,AGO,2017,10595.0,13941,29816769.0,
Angola,AGO,2018,10793.0,13489,30809787.0,
Angola,AGO,2019,10784.0,13622,31825299.0,
Angola,AGO,2020,,15989,32866267.0,
Antigua and Barbuda,ATG,2020,,No malaria,97928.0,
Argentina,ARG,2000,6.0,0,36870796.0,
Argentina,ARG,2001,6.0,0,37275644.0,
Argentina,ARG,2002,5.0,0,37681743.0,
Argentina,ARG,2003,5.0,1,38087866.0,
Argentina,ARG,2004,5.0,0,38491970.0,
Argentina,ARG,2005,4.0,0,38892924.0,
Argentina,ARG,2006,4.0,0,39289876.0,
Argentina,ARG,2007,4.0,0,39684303.0,
Argentina,ARG,2008,4.0,0,40080159.0,
Argentina,ARG,2009,4.0,0,40482786.0,
Argentina,ARG,2010,0.0,0,40895751.0,
Argentina,ARG,2011,0.0,0,41320497.0,
Argentina,ARG,2012,0.0,0,41755188.0,
Argentina,ARG,2013,0.0,0,42196034.0,
Argentina,ARG,2014,0.0,0,42637508.0,
Argentina,ARG,2015,0.0,0,43075416.0,South America
Argentina,ARG,2016,0.0,0,43508459.0,
Argentina,ARG,2017,0.0,0,43937143.0,
Argentina,ARG,2018,0.0,0,44361150.0,
Argentina,ARG,2019,0.0,0,44780675.0,
Argentina,ARG,2020,,No malaria,45195777.0,
Armenia,ARM,2000,1.0,0,3069597.0,
Armenia,ARM,2001,0.0,0,3050686.0,
Armenia,ARM,2002,0.0,0,3033976.0,
Armenia,ARM,2003,0.0,0,3017938.0,
Armenia,ARM,2004,0.0,0,3000715.0,
Armenia,ARM,2005,0.0,0,2981262.0,
Armenia,ARM,2006,0.0,0,2958301.0,
Armenia,ARM,2007,0.0,0,2932615.0,
Armenia,ARM,2008,0.0,0,2907615.0,
Armenia,ARM,2009,0.0,0,2888094.0,
Armenia,ARM,2010,0.0,0,2877314.0,
Armenia,ARM,2011,0.0,0,2876536.0,
Armenia,ARM,2012,0.0,0,2884239.0,
Armenia,ARM,2013,0.0,0,2897593.0,
Armenia,ARM,2014,0.0,0,2912403.0,
Armenia,ARM,2015,0.0,0,2925559.0,Asia
Armenia,ARM,2016,0.0,0,2936147.0,
Armenia,ARM,2017,0.0,0,2944789.0,
Armenia,ARM,2018,0.0,0,2951741.0,
Armenia,ARM,2019,0.0,0,2957728.0,
Armenia,ARM,2020,,No malaria,2963234.0,
Australia,AUS,2020,,No malaria,25499881.0,
Austria,AUT,2020,,No malaria,9006400.0,
Azerbaijan,AZE,2000,1.0,0,8122743.0,
Azerbaijan,AZE,2001,1.0,0,8197295.0,
Azerbaijan,AZE,2002,1.0,0,8277065.0,
Azerbaijan,AZE,2003,1.0,0,8361433.0,
Azerbaijan,AZE,2004,1.0,0,8448938.0,
Azerbaijan,AZE,2005,1.0,0,8538610.0,
Azerbaijan,AZE,2006,1.0,0,8630153.0,
Azerbaijan,AZE,2007,1.0,0,8724237.0,
Azerbaijan,AZE,2008,1.0,0,8821869.0,
Azerbaijan,AZE,2009,1.0,0,8924383.0,
Azerbaijan,AZE,2010,1.0,0,9032465.0,
Azerbaijan,AZE,2011,1.0,0,9146277.0,
Azerbaijan,AZE,2012,0.0,0,9264684.0,
Azerbaijan,AZE,2013,0.0,0,9385467.0,
Azerbaijan,AZE,2014,0.0,0,9505616.0,
Azerbaijan,AZE,2015,0.0,0,9622741.0,Asia
Azerbaijan,AZE,2016,0.0,0,9736041.0,
Azerbaijan,AZE,2017,0.0,0,9845316.0,
Azerbaijan,AZE,2018,0.0,0,9949537.0,
Azerbaijan,AZE,2019,0.0,0,10047719.0,
Azerbaijan,AZE,2020,,No malaria,10139175.0,
Bahamas,BHS,2020,,No malaria,393248.0,
Bahrain,BHR,2020,,No malaria,1701583.0,
Bangladesh,BGD,2000,8967.0,199,127657862.0,
Bangladesh,BGD,2001,8568.0,202,130088709.0,
Bangladesh,BGD,2002,8654.0,206,132478076.0,
Bangladesh,BGD,2003,11049.0,209,134791598.0,
Bangladesh,BGD,2004,12017.0,213,136986429.0,
Bangladesh,BGD,2005,7074.0,216,139035505.0,
Bangladesh,BGD,2006,3517.0,139,140921154.0,
Bangladesh,BGD,2007,3791.0,263,142660381.0,
Bangladesh,BGD,2008,6577.0,264,144304164.0,
Bangladesh,BGD,2009,4105.0,158,145924795.0,
Bangladesh,BGD,2010,4993.0,166,147575433.0,
Bangladesh,BGD,2011,5108.0,155,149273134.0,
Bangladesh,BGD,2012,1087.0,85,151005733.0,
Bangladesh,BGD,2013,481.0,77,152761413.0,
Bangladesh,BGD,2014,1309.0,160,154517385.0,
Bangladesh,BGD,2015,901.0,105,156256287.0,Asia
Bangladesh,BGD,2016,580.0,72,157977151.0,
Bangladesh,BGD,2017,560.0,73,159685421.0,
Bangladesh,BGD,2018,155.0,26,161376713.0,
Bangladesh,BGD,2019,110.0,47,163046173.0,
Bangladesh,BGD,2020,,15,164689383.0,
Barbados,BRB,2020,,No malaria,287371.0,
Belarus,BLR,2020,,No malaria,9449321.0,
Belgium,BEL,2020,,No malaria,11589616.0,
Belize,BLZ,2000,0.0,0,247310.0,
Belize,BLZ,2001,0.0,0,255068.0,
Belize,BLZ,2002,0.0,0,262387.0,
Belize,BLZ,2003,0.0,0,269428.0,
Belize,BLZ,2004,0.0,1,276516.0,
Belize,BLZ,2005,0.0,0,283798.0,
Belize,BLZ,2006,0.0,1,291338.0,
Belize,BLZ,2007,0.0,0,299031.0,
Belize,BLZ,2008,0.0,0,306822.0,
Belize,BLZ,2009,0.0,0,314655.0,
Belize,BLZ,2010,0.0,0,322465.0,
Belize,BLZ,2011,0.0,0,330236.0,
Belize,BLZ,2012,0.0,0,338001.0,
Belize,BLZ,2013,0.0,0,345707.0,
Belize,BLZ,2014,0.0,0,353366.0,
Belize,BLZ,2015,0.0,0,360926.0,North America
Belize,BLZ,2016,0.0,0,368399.0,
Belize,BLZ,2017,0.0,0,375775.0,
Belize,BLZ,2018,0.0,0,383071.0,
Belize,BLZ,2019,0.0,0,390351.0,
Belize,BLZ,2020,,0,397621.0,
Benin,BEN,2000,7608.0,7898,6865946.0,
Benin,BEN,2001,8957.0,8455,7076728.0,
Benin,BEN,2002,9796.0,8825,7295400.0,
Benin,BEN,2003,11043.0,9668,7520556.0,
Benin,BEN,2004,12718.0,10839,7750003.0,
Benin,BEN,2005,13749.0,11896,7982223.0,
Benin,BEN,2006,14428.0,12682,8216893.0,
Benin,BEN,2007,14906.0,12034,8454790.0,
Benin,BEN,2008,14566.0,10694,8696915.0,
Benin,BEN,2009,13811.0,9508,8944713.0,
Benin,BEN,2010,13172.0,8632,9199254.0,
Benin,BEN,2011,12635.0,8348,9460829.0,
Benin,BEN,2012,12990.0,8738,9729254.0,
Benin,BEN,2013,13119.0,9774,10004594.0,
Benin,BEN,2014,12780.0,10285,10286839.0,
Benin,BEN,2015,13347.0,10991,10575962.0,Africa
Benin,BEN,2016,13628.0,11228,10872072.0,
Benin,BEN,2017,12995.0,10224,11175192.0,
Benin,BEN,2018,13880.0,9898,11485035.0,
Benin,BEN,2019,13264.0,9889,11801151.0,
Benin,BEN,2020,,10123,12123198.0,
Bhutan,BTN,2000,105.0,15,591014.0,
Bhutan,BTN,2001,118.0,14,603643.0,
Bhutan,BTN,2002,121.0,11,616025.0,
Bhutan,BTN,2003,57.0,14,627840.0,
Bhutan,BTN,2004,33.0,7,638809.0,
Bhutan,BTN,2005,28.0,5,648744.0,
Bhutan,BTN,2006,20.0,7,657404.0,
Bhutan,BTN,2007,11.0,2,664873.0,
Bhutan,BTN,2008,5.0,2,671611.0,
Bhutan,BTN,2009,16.0,4,678329.0,
Bhutan,BTN,2010,4.0,2,685502.0,
Bhutan,BTN,2011,3.0,1,693297.0,
Bhutan,BTN,2012,1.0,1,701582.0,
Bhutan,BTN,2013,0.0,0,710235.0,
Bhutan,BTN,2014,1.0,0,719053.0,
Bhutan,BTN,2015,0.0,0,727885.0,Asia
Bhutan,BTN,2016,0.0,0,736706.0,
Bhutan,BTN,2017,0.0,0,745563.0,
Bhutan,BTN,2018,0.0,0,754396.0,
Bhutan,BTN,2019,0.0,0,763094.0,
Bhutan,BTN,2020,,0,771612.0,
Bolivia,BOL,2000,35.0,24,8418270.0,
Bolivia,BOL,2001,9.0,9,8580244.0,
Bolivia,BOL,2002,7.0,9,8742822.0,
Bolivia,BOL,2003,6.0,12,8905820.0,
Bolivia,BOL,2004,5.0,9,9069044.0,
Bolivia,BOL,2005,7.0,12,9232301.0,
Bolivia,BOL,2006,12.0,14,9395449.0,
Bolivia,BOL,2007,11.0,11,9558438.0,
Bolivia,BOL,2008,6.0,6,9721457.0,
Bolivia,BOL,2009,5.0,6,9884790.0,
Bolivia,BOL,2010,13.0,10,10048597.0,
Bolivia,BOL,2011,4.0,4,10212951.0,
Bolivia,BOL,2012,5.0,4,10377677.0,
Bolivia,BOL,2013,8.0,6,10542375.0,
Bolivia,BOL,2014,4.0,4,10706517.0,
Bolivia,BOL,2015,1.0,3,10869732.0,South America
Bolivia,BOL,2016,0.0,2,11031822.0,
Bolivia,BOL,2017,0.0,2,11192853.0,
Bolivia,BOL,2018,0.0,2,11353140.0,
Bolivia,BOL,2019,0.0,4,11513102.0,
Bolivia,BOL,2020,,6,11673029.0,
Bosnia and Herzegovina,BIH,2020,,No malaria,3280815.0,
Botswana,BWA,2000,56.0,49,1643333.0,
Botswana,BWA,2001,32.0,19,1674674.0,
Botswana,BWA,2002,17.0,9,1704637.0,
Botswana,BWA,2003,12.0,4,1734387.0,
Botswana,BWA,2004,9.0,3,1765533.0,
Botswana,BWA,2005,4.0,3,1799077.0,
Botswana,BWA,2006,9.0,12,1835911.0,
Botswana,BWA,2007,8.0,3,1875458.0,
Botswana,BWA,2008,13.0,6,1915636.0,
Botswana,BWA,2009,12.0,6,1953495.0,
Botswana,BWA,2010,11.0,5,1987106.0,
Botswana,BWA,2011,3.0,1,2015406.0,
Botswana,BWA,2012,1.0,0,2039551.0,
Botswana,BWA,2013,3.0,1,2062551.0,
Botswana,BWA,2014,7.0,5,2088619.0,
Botswana,BWA,2015,1.0,1,2120716.0,Africa
Botswana,BWA,2016,4.0,3,2159925.0,
Botswana,BWA,2017,11.0,7,2205076.0,
Botswana,BWA,2018,12.0,2,2254067.0,
Botswana,BWA,2019,14.0,0,2303703.0,
Botswana,BWA,2020,,4,2351625.0,
Brazil,BRA,2000,1779.0,245,174790339.0,
Brazil,BRA,2001,948.0,142,177196051.0,
Brazil,BRA,2002,836.0,95,179537523.0,
Brazil,BRA,2003,780.0,104,181809244.0,
Brazil,BRA,2004,852.0,102,184006479.0,
Brazil,BRA,2005,1061.0,123,186127108.0,
Brazil,BRA,2006,976.0,110,188167353.0,
Brazil,BRA,2007,730.0,93,190130445.0,
Brazil,BRA,2008,405.0,68,192030362.0,
Brazil,BRA,2009,386.0,85,193886505.0,
Brazil,BRA,2010,372.0,76,195713637.0,
Brazil,BRA,2011,307.0,70,197514541.0,
Brazil,BRA,2012,287.0,60,199287292.0,
Brazil,BRA,2013,214.0,40,201035904.0,
Brazil,BRA,2014,151.0,36,202763744.0,
Brazil,BRA,2015,114.0,35,204471759.0,South America
Brazil,BRA,2016,97.0,35,206163056.0,
Brazil,BRA,2017,122.0,34,207833825.0,
Brazil,BRA,2018,121.0,56,209469320.0,
Brazil,BRA,2019,118.0,36,211049519.0,
Brazil,BRA,2020,,42,212559409.0,
Brunei,BRN,2020,,No malaria,437483.0,
Bulgaria,BGR,2020,,No malaria,6948445.0,
Burkina Faso,BFA,2000,30813.0,41277,11607951.0,
Burkina Faso,BFA,2001,33631.0,41824,11944589.0,
Burkina Faso,BFA,2002,35983.0,40688,12293097.0,
Burkina Faso,BFA,2003,37628.0,38366,12654624.0,
Burkina Faso,BFA,2004,37384.0,34556,13030576.0,
Burkina Faso,BFA,2005,37047.0,31546,13421935.0,
Burkina Faso,BFA,2006,36863.0,30542,13829173.0,
Burkina Faso,BFA,2007,37446.0,31272,14252029.0,
Burkina Faso,BFA,2008,39635.0,33805,14689725.0,
Burkina Faso,BFA,2009,40824.0,36176,15141098.0,
Burkina Faso,BFA,2010,41550.0,35034,15605211.0,
Burkina Faso,BFA,2011,41532.0,33208,16081915.0,
Burkina Faso,BFA,2012,41921.0,30247,16571252.0,
Burkina Faso,BFA,2013,40557.0,25694,17072791.0,
Burkina Faso,BFA,2014,37300.0,22278,17586029.0,
Burkina Faso,BFA,2015,35100.0,20471,18110616.0,Africa
Burkina Faso,BFA,2016,30745.0,19443,18646350.0,
Burkina Faso,BFA,2017,26739.0,19292,19193236.0,
Burkina Faso,BFA,2018,25357.0,19064,19751466.0,
Burkina Faso,BFA,2019,26305.0,18813,20321383.0,
Burkina Faso,BFA,2020,,19979,20903278.0,
Burundi,BDI,2000,13618.0,12288,6378871.0,
Burundi,BDI,2001,13354.0,11335,6525546.0,
Burundi,BDI,2002,13198.0,9397,6704118.0,
Burundi,BDI,2003,12672.0,8294,6909161.0,
Burundi,BDI,2004,11364.0,6988,7131688.0,
Burundi,BDI,2005,9746.0,5970,7364857.0,
Burundi,BDI,2006,8990.0,5506,7607850.0,
Burundi,BDI,2007,8609.0,5271,7862226.0,
Burundi,BDI,2008,8532.0,5253,8126104.0,
Burundi,BDI,2009,8894.0,5188,8397661.0,
Burundi,BDI,2010,8202.0,5051,8675606.0,
Burundi,BDI,2011,7982.0,4773,8958406.0,
Burundi,BDI,2012,6607.0,4664,9245992.0,
Burundi,BDI,2013,6166.0,4535,9540302.0,
Burundi,BDI,2014,5807.0,4630,9844301.0,
Burundi,BDI,2015,6349.0,4867,10160034.0,Africa
Burundi,BDI,2016,7893.0,5582,10488002.0,
Burundi,BDI,2017,8351.0,5974,10827010.0,
Burundi,BDI,2018,7313.0,5237,11175379.0,
Burundi,BDI,2019,7280.0,5284,11530577.0,
Burundi,BDI,2020,,5822,11890781.0,
Cambodia,KHM,2000,967.0,1582,12155241.0,
Cambodia,KHM,2001,609.0,904,12405411.0,
Cambodia,KHM,2002,633.0,803,12637719.0,
Cambodia,KHM,2003,916.0,1062,12856171.0,
Cambodia,KHM,2004,747.0,895,13066475.0,
Cambodia,KHM,2005,487.0,705,13273355.0,
Cambodia,KHM,2006,822.0,897,13477705.0,
Cambodia,KHM,2007,442.0,394,13679953.0,
Cambodia,KHM,2008,490.0,497,13883835.0,
Cambodia,KHM,2009,603.0,853,14093605.0,
Cambodia,KHM,2010,335.0,644,14312205.0,
Cambodia,KHM,2011,320.0,641,14541421.0,
Cambodia,KHM,2012,148.0,383,14780454.0,
Cambodia,KHM,2013,84.0,231,15026330.0,
Cambodia,KHM,2014,118.0,399,15274506.0,
Cambodia,KHM,2015,138.0,374,15521435.0,Asia
Cambodia,KHM,2016,94.0,204,15766290.0,
Cambodia,KHM,2017,152.0,336,16009413.0,
Cambodia,KHM,2018,66.0,265,16249795.0,
Cambodia,KHM,2019,57.0,102,16486542.0,
Cambodia,KHM,2020,,43,16718971.0,
Cameroon,CMR,2000,19778.0,17144,15513944.0,
Cameroon,CMR,2001,21253.0,17459,15928910.0,
Cameroon,CMR,2002,23954.0,17775,16357605.0,
Cameroon,CMR,2003,26346.0,18374,16800869.0,
Cameroon,CMR,2004,28480.0,19432,17259322.0,
Cameroon,CMR,2005,28905.0,20137,17733408.0,
Cameroon,CMR,2006,27818.0,19887,18223677.0,
Cameroon,CMR,2007,27259.0,18138,18730283.0,
Cameroon,CMR,2008,25685.0,15930,19252674.0,
Cameroon,CMR,2009,24243.0,14457,19789922.0,
Cameroon,CMR,2010,23659.0,13328,20341236.0,
Cameroon,CMR,2011,22623.0,12280,20906392.0,
Cameroon,CMR,2012,20835.0,12327,21485267.0,
Cameroon,CMR,2013,20602.0,12467,22077300.0,
Cameroon,CMR,2014,20685.0,12725,22681853.0,
Cameroon,CMR,2015,20962.0,13171,23298376.0,Africa
Cameroon,CMR,2016,22810.0,13699,23926549.0,
Cameroon,CMR,2017,22810.0,13633,24566070.0,
Cameroon,CMR,2018,22304.0,12770,25216261.0,
Cameroon,CMR,2019,22652.0,12683,25876387.0,
Cameroon,CMR,2020,,14841,26545864.0,
Canada,CAN,2020,,No malaria,37742157.0,
Cape Verde,CPV,2000,1.0,0,428178.0,
Cape Verde,CPV,2001,1.0,0,435701.0,
Cape Verde,CPV,2002,0.0,2,442955.0,
Cape Verde,CPV,2003,0.0,4,449925.0,
Cape Verde,CPV,2004,0.0,4,456619.0,
Cape Verde,CPV,2005,0.0,2,463034.0,
Cape Verde,CPV,2006,0.0,8,469171.0,
Cape Verde,CPV,2007,0.0,2,475067.0,
Cape Verde,CPV,2008,0.0,2,480846.0,
Cape Verde,CPV,2009,0.0,2,486667.0,
Cape Verde,CPV,2010,0.0,1,492644.0,
Cape Verde,CPV,2011,0.0,1,498858.0,
Cape Verde,CPV,2012,0.0,0,505241.0,
Cape Verde,CPV,2013,0.0,0,511740.0,
Cape Verde,CPV,2014,0.0,1,518275.0,
Cape Verde,CPV,2015,0.0,0,524740.0,Africa
Cape Verde,CPV,2016,0.0,1,531140.0,
Cape Verde,CPV,2017,1.0,2,537499.0,
Cape Verde,CPV,2018,2.0,0,543764.0,
Cape Verde,CPV,2019,9.0,0,549936.0,
Cape Verde,CPV,2020,,0,555988.0,
Central African Republic,CAF,2000,4434.0,7379,3640421.0,
Central African Republic,CAF,2001,4684.0,7593,3722016.0,
Central African Republic,CAF,2002,5037.0,7872,3802129.0,
Central African Republic,CAF,2003,5471.0,8393,3881185.0,
Central African Republic,CAF,2004,5856.0,9087,3959883.0,
Central African Republic,CAF,2005,6054.0,9530,4038380.0,
Central African Republic,CAF,2006,6361.0,9918,4118075.0,
Central African Republic,CAF,2007,6427.0,9837,4198004.0,
Central African Republic,CAF,2008,6204.0,9105,4273368.0,
Central African Republic,CAF,2009,5933.0,8528,4337623.0,
Central African Republic,CAF,2010,5689.0,7803,4386765.0,
Central African Republic,CAF,2011,5381.0,7045,4418639.0,
Central African Republic,CAF,2012,5161.0,6770,4436411.0,
Central African Republic,CAF,2013,5009.0,6361,4447945.0,
Central African Republic,CAF,2014,4829.0,5995,4464171.0,
Central African Republic,CAF,2015,4704.0,5555,4493171.0,Africa
Central African Republic,CAF,2016,4479.0,5172,4537683.0,
Central African Republic,CAF,2017,4385.0,4788,4596023.0,
Central African Republic,CAF,2018,4394.0,4553,4666375.0,
Central African Republic,CAF,2019,4248.0,4452,4745179.0,
Central African Republic,CAF,2020,,5079,4829764.0,
Chad,TCD,2000,7098.0,8459,8355654.0,
Chad,TCD,2001,6869.0,9111,8678049.0,
Chad,TCD,2002,6085.0,8665,9019226.0,
Chad,TCD,2003,6115.0,8926,9373913.0,
Chad,TCD,2004,5876.0,9005,9734761.0,
Chad,TCD,2005,6131.0,9464,10096630.0,
Chad,TCD,2006,6754.0,10030,10457122.0,
Chad,TCD,2007,7343.0,10485,10818031.0,
Chad,TCD,2008,7664.0,10911,11183589.0,
Chad,TCD,2009,7952.0,11455,11560142.0,
Chad,TCD,2010,7754.0,11829,11952134.0,
Chad,TCD,2011,7226.0,11550,12360986.0,
Chad,TCD,2012,6773.0,11321,12784748.0,
Chad,TCD,2013,6526.0,11158,13220433.0,
Chad,TCD,2014,6219.0,11126,13663562.0,
Chad,TCD,2015,6416.0,11163,14110971.0,Africa
Chad,TCD,2016,6617.0,11437,14561658.0,
Chad,TCD,2017,6737.0,11673,15016761.0,
Chad,TCD,2018,6709.0,11509,15477727.0,
Chad,TCD,2019,7194.0,11619,15946882.0,
Chad,TCD,2020,,12415,16425859.0,
Chile,CHL,2020,,No malaria,19116209.0,
China,CHN,2000,120.0,31,1290550767.0,
China,CHN,2001,35.0,27,1299129747.0,
China,CHN,2002,60.0,42,1307352256.0,
China,CHN,2003,46.0,52,1315303522.0,
China,CHN,2004,51.0,31,1323084639.0,
China,CHN,2005,45.0,48,1330776380.0,
China,CHN,2006,36.0,37,1338408644.0,
China,CHN,2007,21.0,18,1345993891.0,
China,CHN,2008,15.0,23,1353569480.0,
China,CHN,2009,9.0,10,1361169410.0,
China,CHN,2010,12.0,19,1368810604.0,
China,CHN,2011,11.0,33,1376497633.0,
China,CHN,2012,0.0,0,1384206408.0,
China,CHN,2013,0.0,0,1391883335.0,
China,CHN,2014,0.0,0,1399453966.0,
China,CHN,2015,0.0,0,1406847868.0,Asia
China,CHN,2016,0.0,0,1414049353.0,
China,CHN,2017,0.0,0,1421021794.0,
China,CHN,2018,0.0,0,1427647789.0,
China,CHN,2019,0.0,0,1433783692.0,
China,CHN,2020,,No malaria,1439323774.0,
Colombia,COL,2000,852.0,124,39629965.0,
Colombia,COL,2001,1426.0,168,40255956.0,
Colombia,COL,2002,960.0,162,40875363.0,
Colombia,COL,2003,712.0,118,41483872.0,
Colombia,COL,2004,442.0,126,42075953.0,
Colombia,COL,2005,319.0,87,42647731.0,
Colombia,COL,2006,320.0,77,43200901.0,
Colombia,COL,2007,347.0,68,43737512.0,
Colombia,COL,2008,131.0,54,44254972.0,
Colombia,COL,2009,129.0,28,44750054.0,
Colombia,COL,2010,197.0,42,45222699.0,
Colombia,COL,2011,103.0,23,45662747.0,
Colombia,COL,2012,153.0,24,46075721.0,
Colombia,COL,2013,114.0,10,46495492.0,
Colombia,COL,2014,120.0,17,46967706.0,
Colombia,COL,2015,133.0,18,47520667.0,South America
Colombia,COL,2016,183.0,36,48175048.0,
Colombia,COL,2017,127.0,19,48909844.0,
Colombia,COL,2018,57.0,9,49661056.0,
Colombia,COL,2019,55.0,3,50339443.0,
Colombia,COL,2020,,5,50882884.0,
Comoros,COM,2000,186.0,89,542358.0,
Comoros,COM,2001,208.0,89,555895.0,
Comoros,COM,2002,222.0,89,569480.0,
Comoros,COM,2003,278.0,89,583213.0,
Comoros,COM,2004,324.0,89,597230.0,
Comoros,COM,2005,219.0,89,611625.0,
Comoros,COM,2006,466.0,89,626427.0,
Comoros,COM,2007,212.0,89,641624.0,
Comoros,COM,2008,182.0,89,657227.0,
Comoros,COM,2009,393.0,89,673251.0,
Comoros,COM,2010,573.0,92,689696.0,
Comoros,COM,2011,487.0,62,706578.0,
Comoros,COM,2012,484.0,125,723865.0,
Comoros,COM,2013,409.0,135,741511.0,
Comoros,COM,2014,25.0,5,759390.0,
Comoros,COM,2015,13.0,3,777435.0,Africa
Comoros,COM,2016,10.0,2,795597.0,
Comoros,COM,2017,21.0,8,813890.0,
Comoros,COM,2018,134.0,38,832322.0,
Comoros,COM,2019,174.0,45,850891.0,
Comoros,COM,2020,,11,869595.0,
Congo,COG,2000,2863.0,3034,3127420.0,
Congo,COG,2001,2821.0,2983,3217930.0,
Congo,COG,2002,2701.0,2749,3310376.0,
Congo,COG,2003,2737.0,2630,3406915.0,
Congo,COG,2004,2732.0,2505,3510468.0,
Congo,COG,2005,2714.0,2366,3622775.0,
Congo,COG,2006,2545.0,2198,3745143.0,
Congo,COG,2007,2338.0,2028,3876123.0,
Congo,COG,2008,2108.0,1871,4011487.0,
Congo,COG,2009,1942.0,1828,4145399.0,
Congo,COG,2010,1904.0,1835,4273738.0,
Congo,COG,2011,1968.0,1870,4394842.0,
Congo,COG,2012,2017.0,1897,4510197.0,
Congo,COG,2013,2053.0,2015,4622757.0,
Congo,COG,2014,2076.0,2047,4736965.0,
Congo,COG,2015,2045.0,2023,4856093.0,Africa
Congo,COG,2016,2076.0,2118,4980996.0,
Congo,COG,2017,2152.0,2200,5110701.0,
Congo,COG,2018,2164.0,2191,5244363.0,
Congo,COG,2019,2102.0,2220,5380504.0,
Congo,COG,2020,,2354,5518092.0,
Cook Islands,COK,2020,,No malaria,17564.0,
Costa Rica,CRI,2000,0.0,0,3962369.0,
Costa Rica,CRI,2001,0.0,0,4034074.0,
Costa Rica,CRI,2002,0.0,0,4100921.0,
Costa Rica,CRI,2003,0.0,0,4164053.0,
Costa Rica,CRI,2004,0.0,0,4225156.0,
Costa Rica,CRI,2005,0.0,0,4285504.0,
Costa Rica,CRI,2006,0.0,0,4345421.0,
Costa Rica,CRI,2007,0.0,0,4404626.0,
Costa Rica,CRI,2008,0.0,0,4463123.0,
Costa Rica,CRI,2009,0.0,1,4520739.0,
Costa Rica,CRI,2010,0.0,0,4577371.0,
Costa Rica,CRI,2011,0.0,0,4633086.0,
Costa Rica,CRI,2012,0.0,0,4688003.0,
Costa Rica,CRI,2013,0.0,0,4742111.0,
Costa Rica,CRI,2014,0.0,0,4795390.0,
Costa Rica,CRI,2015,0.0,0,4847805.0,North America
Costa Rica,CRI,2016,0.0,0,4899336.0,
Costa Rica,CRI,2017,0.0,0,4949955.0,
Costa Rica,CRI,2018,0.0,0,4999443.0,
Costa Rica,CRI,2019,0.0,0,5047561.0,
Costa Rica,CRI,2020,,0,5094114.0,
Cote d'Ivoire,CIV,2000,29540.0,29036,16454660.0,
Cote d'Ivoire,CIV,2001,32046.0,30820,16853027.0,
Cote d'Ivoire,CIV,2002,34002.0,31509,17231539.0,
Cote d'Ivoire,CIV,2003,36149.0,31397,17599613.0,
Cote d'Ivoire,CIV,2004,37988.0,29819,17970493.0,
Cote d'Ivoire,CIV,2005,39175.0,28487,18354513.0,
Cote d'Ivoire,CIV,2006,41121.0,27989,18754914.0,
Cote d'Ivoire,CIV,2007,42387.0,28815,19171250.0,
Cote d'Ivoire,CIV,2008,42573.0,28268,19605568.0,
Cote d'Ivoire,CIV,2009,41656.0,28135,20059147.0,
Cote d'Ivoire,CIV,2010,39658.0,25440,20532944.0,
Cote d'Ivoire,CIV,2011,37054.0,21484,21028652.0,
Cote d'Ivoire,CIV,2012,34226.0,15726,21547188.0,
Cote d'Ivoire,CIV,2013,29527.0,12797,22087506.0,
Cote d'Ivoire,CIV,2014,27373.0,11943,22647672.0,
Cote d'Ivoire,CIV,2015,27690.0,13725,23226148.0,Africa
Cote d'Ivoire,CIV,2016,29808.0,16648,23822726.0,
Cote d'Ivoire,CIV,2017,29979.0,17879,24437475.0,
Cote d'Ivoire,CIV,2018,27758.0,14986,25069226.0,
Cote d'Ivoire,CIV,2019,29398.0,14829,25716554.0,
Cote d'Ivoire,CIV,2020,,15913,26378275.0,
Croatia,HRV,2020,,No malaria,4105268.0,
Cuba,CUB,2020,,No malaria,11326616.0,
Cyprus,CYP,2020,,No malaria,1207361.0,
Czechia,CZE,2020,,No malaria,10708982.0,
Democratic Republic of Congo,COD,2000,92188.0,100494,47105830.0,
Democratic Republic of Congo,COD,2001,94138.0,100192,48428534.0,
Democratic Republic of Congo,COD,2002,94759.0,101603,49871670.0,
Democratic Republic of Congo,COD,2003,98394.0,105469,51425583.0,
Democratic Republic of Congo,COD,2004,99859.0,112034,53068869.0,
Democratic Republic of Congo,COD,2005,100895.0,112725,54785894.0,
Democratic Republic of Congo,COD,2006,101770.0,115483,56578046.0,
Democratic Republic of Congo,COD,2007,102544.0,111542,58453687.0,
Democratic Republic of Congo,COD,2008,100992.0,106681,60411195.0,
Democratic Republic of Congo,COD,2009,97277.0,101421,62448572.0,
Democratic Republic of Congo,COD,2010,91494.0,91831,64563853.0,
Democratic Republic of Congo,COD,2011,85596.0,79887,66755151.0,
Democratic Republic of Congo,COD,2012,78228.0,67528,69020749.0,
Democratic Republic of Congo,COD,2013,71343.0,59293,71358804.0,
Democratic Republic of Congo,COD,2014,66547.0,56829,73767445.0,
Democratic Republic of Congo,COD,2015,64193.0,58167,76244532.0,Africa
Democratic Republic of Congo,COD,2016,64761.0,63964,78789130.0,
Democratic Republic of Congo,COD,2017,63941.0,67792,81398765.0,
Democratic Republic of Congo,COD,2018,57808.0,65555,84068092.0,
Democratic Republic of Congo,COD,2019,57160.0,65331,86790568.0,
Democratic Republic of Congo,COD,2020,,82511,89561404.0,
Denmark,DNK,2020,,No malaria,5792203.0,
Djibouti,DJI,2000,19.0,4,717577.0,
Djibouti,DJI,2001,18.0,4,733019.0,
Djibouti,DJI,2002,23.0,4,746947.0,
Djibouti,DJI,2003,151.0,4,759639.0,
Djibouti,DJI,2004,15.0,5,771599.0,
Djibouti,DJI,2005,29.0,5,783248.0,
Djibouti,DJI,2006,98.0,5,794554.0,
Djibouti,DJI,2007,16.0,5,805456.0,
Djibouti,DJI,2008,9.0,5,816361.0,
Djibouti,DJI,2009,82.0,6,827820.0,
Djibouti,DJI,2010,27.0,2,840194.0,
Djibouti,DJI,2011,1.0,5,853671.0,
Djibouti,DJI,2012,0.0,5,868136.0,
Djibouti,DJI,2013,25.0,4,883296.0,
Djibouti,DJI,2014,173.0,24,898707.0,
Djibouti,DJI,2015,144.0,24,913998.0,Africa
Djibouti,DJI,2016,188.0,30,929117.0,
Djibouti,DJI,2017,143.0,25,944100.0,
Djibouti,DJI,2018,89.0,43,958923.0,
Djibouti,DJI,2019,97.0,97,973557.0,
Djibouti,DJI,2020,,126,988002.0,
Dominica,DMA,2020,,No malaria,71991.0,
Dominican Republic,DOM,2000,19.0,6,8471317.0,
Dominican Republic,DOM,2001,14.0,17,8598599.0,
Dominican Republic,DOM,2002,16.0,11,8724974.0,
Dominican Republic,DOM,2003,16.0,12,8850317.0,
Dominican Republic,DOM,2004,21.0,16,8974444.0,
Dominican Republic,DOM,2005,32.0,16,9097262.0,
Dominican Republic,DOM,2006,29.0,10,9218681.0,
Dominican Republic,DOM,2007,27.0,17,9338856.0,
Dominican Republic,DOM,2008,22.0,11,9458079.0,
Dominican Republic,DOM,2009,22.0,14,9576736.0,
Dominican Republic,DOM,2010,43.0,15,9695117.0,
Dominican Republic,DOM,2011,22.0,10,9813219.0,
Dominican Republic,DOM,2012,13.0,8,9930916.0,
Dominican Republic,DOM,2013,6.0,5,10048226.0,
Dominican Republic,DOM,2014,6.0,4,10165182.0,
Dominican Republic,DOM,2015,7.0,3,10281675.0,North America
Dominican Republic,DOM,2016,7.0,1,10397738.0,
Dominican Republic,DOM,2017,3.0,1,10513111.0,
Dominican Republic,DOM,2018,4.0,1,10627147.0,
Dominican Republic,DOM,2019,5.0,4,10738957.0,
Dominican Republic,DOM,2020,,2,10847904.0,
Eastern Mediterranean,,2000,,13660,,
Eastern Mediterranean,,2001,,13943,,
Eastern Mediterranean,,2002,,13180,,
Eastern Mediterranean,,2003,,12211,,
Eastern Mediterranean,,2004,,10600,,
Eastern Mediterranean,,2005,,11479,,
Eastern Mediterranean,,2006,,11532,,
Eastern Mediterranean,,2007,,9780,,
Eastern Mediterranean,,2008,,7216,,
Eastern Mediterranean,,2009,,6942,,
Eastern Mediterranean,,2010,,8766,,
Eastern Mediterranean,,2011,,7974,,
Eastern Mediterranean,,2012,,8091,,
Eastern Mediterranean,,2013,,7686,,
Eastern Mediterranean,,2014,,7883,,
Eastern Mediterranean,,2015,,8280,,
Eastern Mediterranean,,2016,,9500,,
Eastern Mediterranean,,2017,,10242,,
Eastern Mediterranean,,2018,,10888,,
Eastern Mediterranean,,2019,,11496,,
Eastern Mediterranean,,2020,,12325,,
Ecuador,ECU,2000,1184.0,66,12681123.0,
Ecuador,ECU,2001,861.0,84,12914660.0,
Ecuador,ECU,2002,410.0,64,13143465.0,
Ecuador,ECU,2003,207.0,46,13369678.0,
Ecuador,ECU,2004,99.0,37,13596390.0,
Ecuador,ECU,2005,32.0,22,13825839.0,
Ecuador,ECU,2006,21.0,9,14059379.0,
Ecuador,ECU,2007,14.0,8,14296554.0,
Ecuador,ECU,2008,4.0,5,14535740.0,
Ecuador,ECU,2009,6.0,6,14774412.0,
Ecuador,ECU,2010,3.0,0,15011114.0,
Ecuador,ECU,2011,3.0,0,15243885.0,
Ecuador,ECU,2012,1.0,0,15474099.0,
Ecuador,ECU,2013,2.0,0,15707473.0,
Ecuador,ECU,2014,0.0,0,15951832.0,
Ecuador,ECU,2015,1.0,0,16212022.0,South America
Ecuador,ECU,2016,3.0,0,16491116.0,
Ecuador,ECU,2017,2.0,0,16785356.0,
Ecuador,ECU,2018,2.0,0,17084359.0,
Ecuador,ECU,2019,1.0,0,17373657.0,
Ecuador,ECU,2020,,3,17643060.0,
Egypt,EGY,2000,0.0,0,68831561.0,
Egypt,EGY,2001,0.0,0,70152662.0,
Egypt,EGY,2002,0.0,0,71485044.0,
Egypt,EGY,2003,0.0,0,72826102.0,
Egypt,EGY,2004,0.0,0,74172073.0,
Egypt,EGY,2005,0.0,0,75523576.0,
Egypt,EGY,2006,0.0,0,76873670.0,
Egypt,EGY,2007,0.0,0,78232124.0,
Egypt,EGY,2008,0.0,0,79636081.0,
Egypt,EGY,2009,0.0,0,81134789.0,
Egypt,EGY,2010,0.0,0,82761244.0,
Egypt,EGY,2011,0.0,0,84529251.0,
Egypt,EGY,2012,0.0,0,86422240.0,
Egypt,EGY,2013,0.0,0,88404652.0,
Egypt,EGY,2014,0.0,0,90424668.0,
Egypt,EGY,2015,0.0,0,92442549.0,Africa
Egypt,EGY,2016,0.0,0,94447071.0,
Egypt,EGY,2017,0.0,0,96442590.0,
Egypt,EGY,2018,0.0,0,98423602.0,
Egypt,EGY,2019,0.0,0,100388076.0,
Egypt,EGY,2020,,No malaria,102334403.0,
El Salvador,SLV,2000,1.0,0,5887930.0,
El Salvador,SLV,2001,1.0,0,5927001.0,
El Salvador,SLV,2002,1.0,0,5962139.0,
El Salvador,SLV,2003,1.0,0,5994075.0,
El Salvador,SLV,2004,1.0,0,6023801.0,
El Salvador,SLV,2005,1.0,0,6052124.0,
El Salvador,SLV,2006,1.0,0,6079395.0,
El Salvador,SLV,2007,1.0,0,6105810.0,
El Salvador,SLV,2008,1.0,0,6131767.0,
El Salvador,SLV,2009,1.0,0,6157678.0,
El Salvador,SLV,2010,1.0,0,6183877.0,
El Salvador,SLV,2011,1.0,0,6210567.0,
El Salvador,SLV,2012,1.0,0,6237922.0,
El Salvador,SLV,2013,1.0,0,6266076.0,
El Salvador,SLV,2014,1.0,0,6295124.0,
El Salvador,SLV,2015,1.0,0,6325121.0,North America
El Salvador,SLV,2016,1.0,0,6356137.0,
El Salvador,SLV,2017,1.0,0,6388124.0,
El Salvador,SLV,2018,0.0,0,6420740.0,
El Salvador,SLV,2019,0.0,0,6453550.0,
El Salvador,SLV,2020,,No malaria,6486201.0,
Equatorial Guinea,GNQ,2000,1150.0,633,606180.0,
Equatorial Guinea,GNQ,2001,1136.0,644,631662.0,
Equatorial Guinea,GNQ,2002,1128.0,657,658388.0,
Equatorial Guinea,GNQ,2003,1166.0,682,686670.0,
Equatorial Guinea,GNQ,2004,1098.0,707,716949.0,
Equatorial Guinea,GNQ,2005,1039.0,712,749527.0,
Equatorial Guinea,GNQ,2006,988.0,656,784494.0,
Equatorial Guinea,GNQ,2007,987.0,610,821686.0,
Equatorial Guinea,GNQ,2008,995.0,569,860839.0,
Equatorial Guinea,GNQ,2009,898.0,535,901589.0,
Equatorial Guinea,GNQ,2010,916.0,598,943640.0,
Equatorial Guinea,GNQ,2011,919.0,617,986861.0,
Equatorial Guinea,GNQ,2012,939.0,667,1031191.0,
Equatorial Guinea,GNQ,2013,917.0,735,1076412.0,
Equatorial Guinea,GNQ,2014,889.0,770,1122273.0,
Equatorial Guinea,GNQ,2015,862.0,706,1168575.0,Africa
Equatorial Guinea,GNQ,2016,796.0,666,1215181.0,
Equatorial Guinea,GNQ,2017,754.0,651,1262008.0,
Equatorial Guinea,GNQ,2018,728.0,632,1308966.0,
Equatorial Guinea,GNQ,2019,768.0,643,1355982.0,
Equatorial Guinea,GNQ,2020,,No malaria,1402985.0,
Eritrea,ERI,2000,462.0,97,2292413.0,
Eritrea,ERI,2001,1056.0,130,2374721.0,
Eritrea,ERI,2002,235.0,74,2481059.0,
Eritrea,ERI,2003,293.0,112,2600972.0,
Eritrea,ERI,2004,92.0,32,2719809.0,
Eritrea,ERI,2005,151.0,59,2826653.0,
Eritrea,ERI,2006,99.0,36,2918209.0,
Eritrea,ERI,2007,137.0,60,2996540.0,
Eritrea,ERI,2008,88.0,37,3062782.0,
Eritrea,ERI,2009,105.0,41,3119920.0,
Eritrea,ERI,2010,332.0,161,3170437.0,
Eritrea,ERI,2011,462.0,141,3213969.0,
Eritrea,ERI,2012,274.0,85,3250104.0,
Eritrea,ERI,2013,201.0,88,3281453.0,
Eritrea,ERI,2014,283.0,227,3311444.0,
Eritrea,ERI,2015,224.0,128,3342818.0,Africa
Eritrea,ERI,2016,321.0,198,3376558.0,
Eritrea,ERI,2017,336.0,221,3412894.0,
Eritrea,ERI,2018,363.0,196,3452797.0,
Eritrea,ERI,2019,331.0,437,3497117.0,
Eritrea,ERI,2020,,372,3546427.0,
Estonia,EST,2020,,No malaria,1326539.0,
Eswatini,SWZ,2000,60.0,2,1005432.0,
Eswatini,SWZ,2001,52.0,3,1013608.0,
Eswatini,SWZ,2002,26.0,1,1019054.0,
Eswatini,SWZ,2003,11.0,0,1022796.0,
Eswatini,SWZ,2004,17.0,1,1026287.0,
Eswatini,SWZ,2005,11.0,0,1030575.0,
Eswatini,SWZ,2006,7.0,0,1036095.0,
Eswatini,SWZ,2007,8.0,0,1042651.0,
Eswatini,SWZ,2008,7.0,0,1049948.0,
Eswatini,SWZ,2009,7.0,0,1057462.0,
Eswatini,SWZ,2010,4.0,0,1064841.0,
Eswatini,SWZ,2011,4.0,0,1072029.0,
Eswatini,SWZ,2012,5.0,1,1079285.0,
Eswatini,SWZ,2013,11.0,1,1086843.0,
Eswatini,SWZ,2014,4.0,0,1095022.0,
Eswatini,SWZ,2015,0.0,0,1104038.0,Africa
Eswatini,SWZ,2016,1.0,0,1113994.0,
Eswatini,SWZ,2017,9.0,1,1124808.0,
Eswatini,SWZ,2018,7.0,1,1136274.0,
Eswatini,SWZ,2019,9.0,0,1148133.0,
Eswatini,SWZ,2020,,0,1160164.0,
Ethiopia,ETH,2000,15375.0,16808,66224808.0,
Ethiopia,ETH,2001,24688.0,18031,68159422.0,
Ethiopia,ETH,2002,25740.0,16864,70142090.0,
Ethiopia,ETH,2003,31961.0,18702,72170581.0,
Ethiopia,ETH,2004,39036.0,21110,74239508.0,
Ethiopia,ETH,2005,29768.0,15072,76346310.0,
Ethiopia,ETH,2006,26576.0,13798,78489205.0,
Ethiopia,ETH,2007,22459.0,11526,80674343.0,
Ethiopia,ETH,2008,17410.0,9840,82916236.0,
Ethiopia,ETH,2009,21828.0,14838,85233923.0,
Ethiopia,ETH,2010,22337.0,17096,87639962.0,
Ethiopia,ETH,2011,17487.0,15005,90139928.0,
Ethiopia,ETH,2012,17971.0,17579,92726982.0,
Ethiopia,ETH,2013,18211.0,21978,95385793.0,
Ethiopia,ETH,2014,10220.0,17624,98094264.0,
Ethiopia,ETH,2015,10213.0,16199,100835453.0,Africa
Ethiopia,ETH,2016,7848.0,11879,103603461.0,
Ethiopia,ETH,2017,7445.0,9158,106399926.0,
Ethiopia,ETH,2018,10328.0,6500,109224410.0,
Ethiopia,ETH,2019,13104.0,5708,112078727.0,
Ethiopia,ETH,2020,,9433,114963583.0,
Europe,,2000,,0,726503736.0,
Europe,,2001,,0,726734626.0,
Europe,,2002,,0,727291447.0,
Europe,,2003,,0,728130218.0,
Europe,,2004,,0,729162659.0,
Europe,,2005,,0,730317947.0,
Europe,,2006,,0,731594768.0,
Europe,,2007,,0,733004672.0,
Europe,,2008,,0,734500455.0,
Europe,,2009,,0,736023880.0,
Europe,,2010,,0,737528015.0,
Europe,,2011,,0,738977880.0,
Europe,,2012,,0,740362612.0,
Europe,,2013,,0,741688141.0,
Europe,,2014,,0,742972976.0,
Europe,,2015,,0,744222365.0,
Europe,,2016,,0,745441379.0,
Europe,,2017,,0,746596841.0,
Europe,,2018,,0,747608696.0,
Europe,,2019,,0,748381389.0,
Europe,,2020,,0,748843405.0,
Fiji,FJI,2020,,No malaria,896444.0,
Finland,FIN,2020,,No malaria,5540718.0,
France,FRA,2020,,No malaria,65273512.0,
Gabon,GAB,2000,985.0,359,1228359.0,
Gabon,GAB,2001,993.0,337,1258008.0,
Gabon,GAB,2002,942.0,299,1288310.0,
Gabon,GAB,2003,859.0,254,1319946.0,
Gabon,GAB,2004,730.0,219,1353788.0,
Gabon,GAB,2005,615.0,201,1390550.0,
Gabon,GAB,2006,525.0,199,1430144.0,
Gabon,GAB,2007,484.0,199,1472565.0,
Gabon,GAB,2008,508.0,210,1518538.0,
Gabon,GAB,2009,587.0,226,1568925.0,
Gabon,GAB,2010,672.0,252,1624146.0,
Gabon,GAB,2011,786.0,283,1684629.0,
Gabon,GAB,2012,874.0,318,1749677.0,
Gabon,GAB,2013,913.0,360,1817070.0,
Gabon,GAB,2014,908.0,386,1883801.0,
Gabon,GAB,2015,843.0,394,1947690.0,Africa
Gabon,GAB,2016,805.0,390,2007882.0,
Gabon,GAB,2017,758.0,382,2064812.0,
Gabon,GAB,2018,737.0,377,2119275.0,
Gabon,GAB,2019,715.0,381,2172578.0,
Gabon,GAB,2020,,424,2225728.0,
Gambia,GMB,2000,1420.0,577,1317708.0,
Gambia,GMB,2001,1626.0,527,1360070.0,
Gambia,GMB,2002,1593.0,489,1404263.0,
Gambia,GMB,2003,1389.0,468,1449925.0,
Gambia,GMB,2004,876.0,449,1496524.0,
Gambia,GMB,2005,758.0,441,1543745.0,
Gambia,GMB,2006,929.0,441,1591444.0,
Gambia,GMB,2007,947.0,441,1639846.0,
Gambia,GMB,2008,1292.0,445,1689288.0,
Gambia,GMB,2009,1147.0,450,1740277.0,
Gambia,GMB,2010,1295.0,470,1793199.0,
Gambia,GMB,2011,2018.0,480,1848142.0,
Gambia,GMB,2012,2020.0,487,1905020.0,
Gambia,GMB,2013,1827.0,493,1963708.0,
Gambia,GMB,2014,1214.0,504,2024037.0,
Gambia,GMB,2015,1445.0,514,2085860.0,Africa
Gambia,GMB,2016,1007.0,523,2149134.0,
Gambia,GMB,2017,563.0,538,2213900.0,
Gambia,GMB,2018,664.0,560,2280092.0,
Gambia,GMB,2019,637.0,569,2347696.0,
Gambia,GMB,2020,,615,2416664.0,
Georgia,GEO,2000,1.0,0,4362184.0,
Georgia,GEO,2001,1.0,0,4296981.0,
Georgia,GEO,2002,1.0,0,4258573.0,
Georgia,GEO,2003,1.0,0,4238930.0,
Georgia,GEO,2004,1.0,0,4225811.0,
Georgia,GEO,2005,1.0,0,4210158.0,
Georgia,GEO,2006,1.0,0,4189721.0,
Georgia,GEO,2007,1.0,0,4166859.0,
Georgia,GEO,2008,1.0,0,4142648.0,
Georgia,GEO,2009,0.0,0,4119490.0,
Georgia,GEO,2010,0.0,0,4099095.0,
Georgia,GEO,2011,0.0,0,4081012.0,
Georgia,GEO,2012,0.0,0,4064097.0,
Georgia,GEO,2013,0.0,0,4048701.0,
Georgia,GEO,2014,0.0,0,4035310.0,
Georgia,GEO,2015,0.0,0,4024180.0,Asia
Georgia,GEO,2016,0.0,0,4015457.0,
Georgia,GEO,2017,0.0,0,4008723.0,
Georgia,GEO,2018,0.0,0,4002946.0,
Georgia,GEO,2019,0.0,0,3996762.0,
Georgia,GEO,2020,,No malaria,3989175.0,
Germany,DEU,2020,,No malaria,83783945.0,
Ghana,GHA,2000,22844.0,19388,19278850.0,
Ghana,GHA,2001,25262.0,18435,19756929.0,
Ghana,GHA,2002,26747.0,16937,20246376.0,
Ghana,GHA,2003,29054.0,15909,20750308.0,
Ghana,GHA,2004,29713.0,15105,21272328.0,
Ghana,GHA,2005,30332.0,14693,21814648.0,
Ghana,GHA,2006,30234.0,14925,22379057.0,
Ghana,GHA,2007,31306.0,14426,22963946.0,
Ghana,GHA,2008,32570.0,14759,23563832.0,
Ghana,GHA,2009,32693.0,15721,24170943.0,
Ghana,GHA,2010,32494.0,15810,24779614.0,
Ghana,GHA,2011,31338.0,16841,25387713.0,
Ghana,GHA,2012,30201.0,16282,25996454.0,
Ghana,GHA,2013,28366.0,15540,26607641.0,
Ghana,GHA,2014,26844.0,14109,27224480.0,
Ghana,GHA,2015,24337.0,12781,27849203.0,Africa
Ghana,GHA,2016,22171.0,11608,28481947.0,
Ghana,GHA,2017,20533.0,11374,29121464.0,
Ghana,GHA,2018,21907.0,11792,29767108.0,
Ghana,GHA,2019,21597.0,11877,30417858.0,
Ghana,GHA,2020,,12084,31072945.0,
Greece,GRC,2020,,No malaria,10423056.0,
Grenada,GRD,2020,,No malaria,112519.0,
Guatemala,GTM,2000,32.0,27,11650744.0,
Guatemala,GTM,2001,19.0,18,11924941.0,
Guatemala,GTM,2002,28.0,20,12208854.0,
Guatemala,GTM,2003,15.0,16,12500479.0,
Guatemala,GTM,2004,8.0,14,12796926.0,
Guatemala,GTM,2005,9.0,19,13096028.0,
Guatemala,GTM,2006,6.0,15,13397022.0,
Guatemala,GTM,2007,1.0,6,13700326.0,
Guatemala,GTM,2008,0.0,3,14006420.0,
Guatemala,GTM,2009,1.0,3,14316251.0,
Guatemala,GTM,2010,0.0,3,14630420.0,
Guatemala,GTM,2011,1.0,2,14948792.0,
Guatemala,GTM,2012,1.0,2,15270774.0,
Guatemala,GTM,2013,1.0,2,15595821.0,
Guatemala,GTM,2014,0.0,2,15923238.0,
Guatemala,GTM,2015,1.0,2,16252425.0,North America
Guatemala,GTM,2016,0.0,2,16583079.0,
Guatemala,GTM,2017,0.0,1,16914979.0,
Guatemala,GTM,2018,0.0,1,17247855.0,
Guatemala,GTM,2019,0.0,0,17581476.0,
Guatemala,GTM,2020,,0,17915567.0,
Guinea,GIN,2000,11429.0,16396,8240735.0,
Guinea,GIN,2001,12252.0,15919,8417082.0,
Guinea,GIN,2002,12695.0,14460,8586077.0,
Guinea,GIN,2003,13334.0,12844,8753097.0,
Guinea,GIN,2004,13917.0,10985,8925729.0,
Guinea,GIN,2005,13628.0,9895,9109585.0,
Guinea,GIN,2006,13601.0,9672,9307421.0,
Guinea,GIN,2007,14033.0,9931,9518159.0,
Guinea,GIN,2008,14430.0,10761,9738796.0,
Guinea,GIN,2009,14559.0,12350,9964470.0,
Guinea,GIN,2010,15037.0,13286,10192168.0,
Guinea,GIN,2011,15099.0,13841,10420459.0,
Guinea,GIN,2012,14693.0,13703,10652032.0,
Guinea,GIN,2013,14521.0,12504,10892821.0,
Guinea,GIN,2014,13599.0,11566,11150970.0,
Guinea,GIN,2015,12822.0,10492,11432096.0,Africa
Guinea,GIN,2016,12142.0,9704,11738434.0,
Guinea,GIN,2017,11567.0,9242,12067516.0,
Guinea,GIN,2018,10990.0,8470,12414292.0,
Guinea,GIN,2019,11337.0,8586,12771246.0,
Guinea,GIN,2020,,10215,13132792.0,
Guinea-Bissau,GNB,2000,1513.0,2273,1201305.0,
Guinea-Bissau,GNB,2001,1349.0,1717,1227105.0,
Guinea-Bissau,GNB,2002,1148.0,1297,1254454.0,
Guinea-Bissau,GNB,2003,925.0,1003,1283297.0,
Guinea-Bissau,GNB,2004,646.0,816,1313492.0,
Guinea-Bissau,GNB,2005,432.0,742,1344931.0,
Guinea-Bissau,GNB,2006,350.0,716,1377582.0,
Guinea-Bissau,GNB,2007,374.0,712,1411545.0,
Guinea-Bissau,GNB,2008,459.0,735,1446936.0,
Guinea-Bissau,GNB,2009,540.0,774,1483920.0,
Guinea-Bissau,GNB,2010,585.0,806,1522603.0,
Guinea-Bissau,GNB,2011,596.0,812,1562996.0,
Guinea-Bissau,GNB,2012,522.0,797,1604981.0,
Guinea-Bissau,GNB,2013,509.0,783,1648259.0,
Guinea-Bissau,GNB,2014,441.0,772,1692433.0,
Guinea-Bissau,GNB,2015,393.0,768,1737207.0,Africa
Guinea-Bissau,GNB,2016,370.0,795,1782434.0,
Guinea-Bissau,GNB,2017,393.0,814,1828146.0,
Guinea-Bissau,GNB,2018,593.0,873,1874304.0,
Guinea-Bissau,GNB,2019,584.0,874,1920917.0,
Guinea-Bissau,GNB,2020,,No malaria,1967998.0,
Guyana,GUY,2000,119.0,50,746718.0,
Guyana,GUY,2001,96.0,52,745206.0,
Guyana,GUY,2002,69.0,42,744789.0,
Guyana,GUY,2003,71.0,53,745142.0,
Guyana,GUY,2004,59.0,51,745737.0,
Guyana,GUY,2005,71.0,69,746156.0,
Guyana,GUY,2006,43.0,37,746335.0,
Guyana,GUY,2007,21.0,19,746477.0,
Guyana,GUY,2008,28.0,23,746815.0,
Guyana,GUY,2009,39.0,28,747718.0,
Guyana,GUY,2010,67.0,51,749430.0,
Guyana,GUY,2011,117.0,72,752029.0,
Guyana,GUY,2012,110.0,76,755388.0,
Guyana,GUY,2013,122.0,90,759281.0,
Guyana,GUY,2014,34.0,27,763371.0,
Guyana,GUY,2015,32.0,22,767433.0,South America
Guyana,GUY,2016,37.0,24,771363.0,
Guyana,GUY,2017,44.0,33,775218.0,
Guyana,GUY,2018,18.0,38,779007.0,
Guyana,GUY,2019,17.0,30,782775.0,
Guyana,GUY,2020,,28,786559.0,
Haiti,HTI,2000,1126.0,185,8463802.0,
Haiti,HTI,2001,637.0,188,8608810.0,
Haiti,HTI,2002,836.0,191,8754148.0,
Haiti,HTI,2003,730.0,195,8900108.0,
Haiti,HTI,2004,458.0,198,9047082.0,
Haiti,HTI,2005,786.0,201,9195289.0,
Haiti,HTI,2006,1072.0,207,9344784.0,
Haiti,HTI,2007,969.0,187,9495336.0,
Haiti,HTI,2008,1260.0,229,9646570.0,
Haiti,HTI,2009,1640.0,214,9798046.0,
Haiti,HTI,2010,1890.0,218,9949318.0,
Haiti,HTI,2011,955.0,208,10100320.0,
Haiti,HTI,2012,876.0,167,10250922.0,
Haiti,HTI,2013,698.0,160,10400672.0,
Haiti,HTI,2014,447.0,84,10549007.0,
Haiti,HTI,2015,407.0,82,10695540.0,North America
Haiti,HTI,2016,465.0,92,10839976.0,
Haiti,HTI,2017,355.0,84,10982367.0,
Haiti,HTI,2018,410.0,40,11123183.0,
Haiti,HTI,2019,453.0,45,11263079.0,
Haiti,HTI,2020,,97,11402533.0,
Honduras,HND,2000,12.0,23,6574510.0,
Honduras,HND,2001,7.0,15,6751912.0,
Honduras,HND,2002,3.0,11,6929267.0,
Honduras,HND,2003,3.0,9,7106323.0,
Honduras,HND,2004,4.0,12,7282953.0,
Honduras,HND,2005,4.0,11,7458982.0,
Honduras,HND,2006,2.0,8,7634295.0,
Honduras,HND,2007,3.0,7,7808520.0,
Honduras,HND,2008,2.0,6,7980955.0,
Honduras,HND,2009,4.0,8,8150780.0,
Honduras,HND,2010,2.0,7,8317467.0,
Honduras,HND,2011,2.0,5,8480670.0,
Honduras,HND,2012,2.0,4,8640692.0,
Honduras,HND,2013,3.0,5,8798524.0,
Honduras,HND,2014,1.0,3,8955579.0,
Honduras,HND,2015,2.0,4,9112904.0,North America
Honduras,HND,2016,3.0,5,9270794.0,
Honduras,HND,2017,0.0,0,9429016.0,
Honduras,HND,2018,1.0,0,9587523.0,
Honduras,HND,2019,1.0,0,9746115.0,
Honduras,HND,2020,,0,9904608.0,
Hungary,HUN,2020,,No malaria,9660350.0,
Iceland,ISL,2020,,No malaria,341250.0,
India,IND,2000,70076.0,29512,1056575548.0,
India,IND,2001,73843.0,28679,1075000094.0,
India,IND,2002,80138.0,27270,1093317187.0,
India,IND,2003,78316.0,27862,1111523146.0,
India,IND,2004,77383.0,31217,1129623466.0,
India,IND,2005,71265.0,32599,1147609924.0,
India,IND,2006,71129.0,27859,1165486291.0,
India,IND,2007,68053.0,27747,1183209471.0,
India,IND,2008,62028.0,29894,1200669762.0,
India,IND,2009,58617.0,32006,1217726217.0,
India,IND,2010,60236.0,30522,1234281163.0,
India,IND,2011,63142.0,25646,1250287939.0,
India,IND,2012,42686.0,20372,1265780243.0,
India,IND,2013,32921.0,16741,1280842119.0,
India,IND,2014,45334.0,20103,1295600768.0,
India,IND,2015,50605.0,21694,1310152392.0,Asia
India,IND,2016,34592.0,22437,1324517250.0,
India,IND,2017,29355.0,16296,1338676779.0,
India,IND,2018,34030.0,9664,1352642283.0,
India,IND,2019,33372.0,7701,1366417756.0,
India,IND,2020,,7341,1380004385.0,
Indonesia,IDN,2000,1125.0,1682,211513822.0,
Indonesia,IDN,2001,1047.0,1705,214427419.0,
Indonesia,IDN,2002,1236.0,1729,217357790.0,
Indonesia,IDN,2003,1096.0,1752,220309473.0,
Indonesia,IDN,2004,2324.0,1484,223285666.0,
Indonesia,IDN,2005,1692.0,1789,226289468.0,
Indonesia,IDN,2006,3208.0,2126,229318262.0,
Indonesia,IDN,2007,2376.0,1848,232374239.0,
Indonesia,IDN,2008,2261.0,1873,235469755.0,
Indonesia,IDN,2009,3012.0,1898,238620554.0,
Indonesia,IDN,2010,6125.0,3485,241834226.0,
Indonesia,IDN,2011,6096.0,3123,245115988.0,
Indonesia,IDN,2012,3871.0,3081,248451714.0,
Indonesia,IDN,2013,1480.0,2656,251805314.0,
Indonesia,IDN,2014,2019.0,2058,255128076.0,
Indonesia,IDN,2015,979.0,1793,258383257.0,Asia
Indonesia,IDN,2016,1077.0,2056,261556386.0,
Indonesia,IDN,2017,1287.0,1419,264650968.0,
Indonesia,IDN,2018,725.0,1043,267670549.0,
Indonesia,IDN,2019,637.0,1188,270625567.0,
Indonesia,IDN,2020,,1443,273523621.0,
Iran,IRN,2000,33.0,4,65623397.0,
Iran,IRN,2001,19.0,2,66449111.0,
Iran,IRN,2002,27.0,2,67284801.0,
Iran,IRN,2003,64.0,5,68122947.0,
Iran,IRN,2004,17.0,1,68951279.0,
Iran,IRN,2005,40.0,1,69762345.0,
Iran,IRN,2006,18.0,1,70554756.0,
Iran,IRN,2007,20.0,3,71336476.0,
Iran,IRN,2008,13.0,3,72120608.0,
Iran,IRN,2009,3.0,0,72924833.0,
Iran,IRN,2010,1.0,0,73762519.0,
Iran,IRN,2011,1.0,0,74634959.0,
Iran,IRN,2012,0.0,0,75539881.0,
Iran,IRN,2013,0.0,0,76481963.0,
Iran,IRN,2014,0.0,0,77465769.0,
Iran,IRN,2015,0.0,1,78492208.0,Asia
Iran,IRN,2016,0.0,0,79563991.0,
Iran,IRN,2017,0.0,1,80673888.0,
Iran,IRN,2018,0.0,0,81800204.0,
Iran,IRN,2019,0.0,0,82913893.0,
Iran,IRN,2020,,No malaria,83992953.0,
Iraq,IRQ,2000,5.0,0,23497589.0,
Iraq,IRQ,2001,5.0,0,24208178.0,
Iraq,IRQ,2002,5.0,0,24931922.0,
Iraq,IRQ,2003,4.0,0,25644503.0,
Iraq,IRQ,2004,4.0,0,26313838.0,
Iraq,IRQ,2005,4.0,0,26922279.0,
Iraq,IRQ,2006,0.0,0,27448124.0,
Iraq,IRQ,2007,0.0,0,27911242.0,
Iraq,IRQ,2008,0.0,0,28385739.0,
Iraq,IRQ,2009,0.0,0,28973157.0,
Iraq,IRQ,2010,0.0,0,29741977.0,
Iraq,IRQ,2011,0.0,0,30725305.0,
Iraq,IRQ,2012,0.0,0,31890012.0,
Iraq,IRQ,2013,0.0,0,33157061.0,
Iraq,IRQ,2014,0.0,0,34411949.0,
Iraq,IRQ,2015,0.0,0,35572269.0,Asia
Iraq,IRQ,2016,0.0,0,36610632.0,
Iraq,IRQ,2017,0.0,0,37552789.0,
Iraq,IRQ,2018,0.0,0,38433604.0,
Iraq,IRQ,2019,0.0,0,39309789.0,
Iraq,IRQ,2020,,No malaria,40222503.0,
Ireland,IRL,2020,,No malaria,4937796.0,
Israel,ISR,2020,,No malaria,8655541.0,
Italy,ITA,2020,,No malaria,60461828.0,
Jamaica,JAM,2020,,No malaria,2961161.0,
Japan,JPN,2020,,No malaria,126476458.0,
Jordan,JOR,2020,,No malaria,10203140.0,
Kazakhstan,KAZ,2000,0.0,0,14922724.0,
Kazakhstan,KAZ,2001,0.0,0,14910207.0,
Kazakhstan,KAZ,2002,0.0,0,14976184.0,
Kazakhstan,KAZ,2003,0.0,0,15100045.0,
Kazakhstan,KAZ,2004,0.0,0,15250016.0,
Kazakhstan,KAZ,2005,0.0,0,15402803.0,
Kazakhstan,KAZ,2006,0.0,0,15551263.0,
Kazakhstan,KAZ,2007,0.0,0,15702112.0,
Kazakhstan,KAZ,2008,0.0,0,15862126.0,
Kazakhstan,KAZ,2009,0.0,0,16043015.0,
Kazakhstan,KAZ,2010,0.0,0,16252273.0,
Kazakhstan,KAZ,2011,0.0,0,16490669.0,
Kazakhstan,KAZ,2012,0.0,0,16751523.0,
Kazakhstan,KAZ,2013,0.0,0,17026118.0,
Kazakhstan,KAZ,2014,0.0,0,17302619.0,
Kazakhstan,KAZ,2015,0.0,0,17572010.0,Asia
Kazakhstan,KAZ,2016,0.0,0,17830902.0,
Kazakhstan,KAZ,2017,0.0,0,18080023.0,
Kazakhstan,KAZ,2018,0.0,0,18319616.0,
Kazakhstan,KAZ,2019,0.0,0,18551428.0,
Kazakhstan,KAZ,2020,,No malaria,18776707.0,
Kenya,KEN,2000,13199.0,11901,31964557.0,
Kenya,KEN,2001,15079.0,13668,32848569.0,
Kenya,KEN,2002,14333.0,13472,33751746.0,
Kenya,KEN,2003,15474.0,13021,34678781.0,
Kenya,KEN,2004,14313.0,11667,35635267.0,
Kenya,KEN,2005,11866.0,10427,36624897.0,
Kenya,KEN,2006,9688.0,9848,37649039.0,
Kenya,KEN,2007,8480.0,9792,38705934.0,
Kenya,KEN,2008,7374.0,9714,39791984.0,
Kenya,KEN,2009,5962.0,9855,40901798.0,
Kenya,KEN,2010,3585.0,10033,42030684.0,
Kenya,KEN,2011,1961.0,10371,43178270.0,
Kenya,KEN,2012,1719.0,10372,44343469.0,
Kenya,KEN,2013,3077.0,10439,45519986.0,
Kenya,KEN,2014,4103.0,10634,46700063.0,
Kenya,KEN,2015,4772.0,10862,47878339.0,Africa
Kenya,KEN,2016,6138.0,11298,49051531.0,
Kenya,KEN,2017,7358.0,11845,50221146.0,
Kenya,KEN,2018,7963.0,11850,51392570.0,
Kenya,KEN,2019,8049.0,11979,52573967.0,
Kenya,KEN,2020,,12646,53771300.0,
Kiribati,KIR,2020,,No malaria,119446.0,
Kuwait,KWT,2020,,No malaria,4270563.0,
Kyrgyzstan,KGZ,2000,1.0,0,4920712.0,
Kyrgyzstan,KGZ,2001,1.0,0,4962839.0,
Kyrgyzstan,KGZ,2002,1.0,0,4991478.0,
Kyrgyzstan,KGZ,2003,1.0,0,5013538.0,
Kyrgyzstan,KGZ,2004,1.0,0,5038995.0,
Kyrgyzstan,KGZ,2005,1.0,0,5075340.0,
Kyrgyzstan,KGZ,2006,1.0,0,5124379.0,
Kyrgyzstan,KGZ,2007,1.0,0,5184384.0,
Kyrgyzstan,KGZ,2008,1.0,0,5254969.0,
Kyrgyzstan,KGZ,2009,1.0,0,5334708.0,
Kyrgyzstan,KGZ,2010,0.0,0,5422298.0,
Kyrgyzstan,KGZ,2011,0.0,0,5517927.0,
Kyrgyzstan,KGZ,2012,0.0,0,5621583.0,
Kyrgyzstan,KGZ,2013,0.0,0,5731312.0,
Kyrgyzstan,KGZ,2014,0.0,0,5844521.0,
Kyrgyzstan,KGZ,2015,0.0,0,5959126.0,Asia
Kyrgyzstan,KGZ,2016,0.0,0,6074327.0,
Kyrgyzstan,KGZ,2017,0.0,0,6189727.0,
Kyrgyzstan,KGZ,2018,0.0,0,6304025.0,
Kyrgyzstan,KGZ,2019,0.0,0,6415851.0,
Kyrgyzstan,KGZ,2020,,No malaria,6524191.0,
Laos,LAO,2000,390.0,221,5323701.0,
Laos,LAO,2001,209.0,152,5409584.0,
Laos,LAO,2002,204.0,124,5493247.0,
Laos,LAO,2003,207.0,110,5576640.0,
Laos,LAO,2004,193.0,100,5662199.0,
Laos,LAO,2005,163.0,86,5751675.0,
Laos,LAO,2006,198.0,123,5846075.0,
Laos,LAO,2007,197.0,115,5944950.0,
Laos,LAO,2008,183.0,104,6046630.0,
Laos,LAO,2009,141.0,120,6148621.0,
Laos,LAO,2010,177.0,109,6249168.0,
Laos,LAO,2011,126.0,73,6347564.0,
Laos,LAO,2012,275.0,174,6444527.0,
Laos,LAO,2013,170.0,125,6541302.0,
Laos,LAO,2014,158.0,134,6639763.0,
Laos,LAO,2015,75.0,80,6741160.0,Asia
Laos,LAO,2016,21.0,32,6845848.0,
Laos,LAO,2017,22.0,21,6953031.0,
Laos,LAO,2018,24.0,23,7061498.0,
Laos,LAO,2019,23.0,11,7169456.0,
Laos,LAO,2020,,7,7275556.0,
Latvia,LVA,2020,,No malaria,1886202.0,
Lebanon,LBN,2020,,No malaria,6825442.0,
Lesotho,LSO,2020,,No malaria,2142252.0,
Liberia,LBR,2000,5688.0,6968,2848447.0,
Liberia,LBR,2001,6013.0,6644,2953928.0,
Liberia,LBR,2002,6013.0,6049,3024727.0,
Liberia,LBR,2003,5870.0,5326,3077055.0,
Liberia,LBR,2004,5636.0,4520,3135654.0,
Liberia,LBR,2005,5760.0,3847,3218114.0,
Liberia,LBR,2006,5557.0,3470,3329211.0,
Liberia,LBR,2007,5525.0,3287,3461911.0,
Liberia,LBR,2008,5385.0,3227,3607863.0,
Liberia,LBR,2009,4989.0,3046,3754129.0,
Liberia,LBR,2010,4712.0,2862,3891357.0,
Liberia,LBR,2011,4786.0,2738,4017446.0,
Liberia,LBR,2012,4029.0,2574,4135662.0,
Liberia,LBR,2013,3759.0,2737,4248337.0,
Liberia,LBR,2014,4135.0,3187,4359508.0,
Liberia,LBR,2015,4221.0,3295,4472229.0,Africa
Liberia,LBR,2016,4583.0,4001,4586788.0,
Liberia,LBR,2017,4677.0,4444,4702224.0,
Liberia,LBR,2018,4645.0,3884,4818976.0,
Liberia,LBR,2019,4587.0,3918,4937374.0,
Liberia,LBR,2020,,No malaria,5057677.0,
Libya,LBY,2020,,No malaria,6871287.0,
Lithuania,LTU,2020,,No malaria,2722291.0,
Luxembourg,LUX,2020,,No malaria,625976.0,
Madagascar,MDG,2000,6750.0,2239,15766806.0,
Madagascar,MDG,2001,7629.0,2747,16260933.0,
Madagascar,MDG,2002,8020.0,2221,16765122.0,
Madagascar,MDG,2003,8871.0,2917,17279139.0,
Madagascar,MDG,2004,9591.0,2062,17802992.0,
Madagascar,MDG,2005,10753.0,1638,18336722.0,
Madagascar,MDG,2006,10767.0,1647,18880265.0,
Madagascar,MDG,2007,9336.0,1092,19433520.0,
Madagascar,MDG,2008,6674.0,1160,19996476.0,
Madagascar,MDG,2009,5506.0,2182,20569115.0,
Madagascar,MDG,2010,5344.0,2208,21151640.0,
Madagascar,MDG,2011,4972.0,2035,21743970.0,
Madagascar,MDG,2012,5140.0,3941,22346641.0,
Madagascar,MDG,2013,5480.0,3701,22961259.0,
Madagascar,MDG,2014,5786.0,2665,23589897.0,
Madagascar,MDG,2015,5654.0,5800,24234080.0,Africa
Madagascar,MDG,2016,5373.0,3482,24894370.0,
Madagascar,MDG,2017,5444.0,4783,25570511.0,
Madagascar,MDG,2018,5763.0,4570,26262313.0,
Madagascar,MDG,2019,5920.0,4735,26969306.0,
Madagascar,MDG,2020,,9459,27691019.0,
Malawi,MWI,2000,15476.0,17225,11148751.0,
Malawi,MWI,2001,14877.0,16121,11432001.0,
Malawi,MWI,2002,13695.0,13784,11713663.0,
Malawi,MWI,2003,12517.0,11643,12000183.0,
Malawi,MWI,2004,11259.0,10288,12301837.0,
Malawi,MWI,2005,10971.0,9813,12625950.0,
Malawi,MWI,2006,11647.0,10095,12973693.0,
Malawi,MWI,2007,12530.0,10906,13341808.0,
Malawi,MWI,2008,12638.0,11431,13727899.0,
Malawi,MWI,2009,11697.0,11379,14128161.0,
Malawi,MWI,2010,9328.0,10951,14539609.0,
Malawi,MWI,2011,8370.0,9903,14962118.0,
Malawi,MWI,2012,7797.0,8978,15396010.0,
Malawi,MWI,2013,7773.0,7853,15839287.0,
Malawi,MWI,2014,7407.0,7221,16289550.0,
Malawi,MWI,2015,6943.0,6868,16745305.0,Africa
Malawi,MWI,2016,6580.0,6792,17205253.0,
Malawi,MWI,2017,6633.0,6854,17670193.0,
Malawi,MWI,2018,7095.0,6820,18143215.0,
Malawi,MWI,2019,7076.0,6856,18628749.0,
Malawi,MWI,2020,,7165,19129955.0,
Malaysia,MYS,2000,60.0,35,23194252.0,
Malaysia,MYS,2001,58.0,46,23709115.0,
Malaysia,MYS,2002,61.0,38,24208391.0,
Malaysia,MYS,2003,35.0,21,24698821.0,
Malaysia,MYS,2004,35.0,35,25190647.0,
Malaysia,MYS,2005,33.0,33,25690615.0,
Malaysia,MYS,2006,26.0,21,26201954.0,
Malaysia,MYS,2007,24.0,15,26720367.0,
Malaysia,MYS,2008,29.0,20,27236003.0,
Malaysia,MYS,2009,18.0,23,27735038.0,
Malaysia,MYS,2010,13.0,13,28208028.0,
Malaysia,MYS,2011,5.0,12,28650962.0,
Malaysia,MYS,2012,5.0,12,29068189.0,
Malaysia,MYS,2013,8.0,10,29468923.0,
Malaysia,MYS,2014,7.0,4,29866606.0,
Malaysia,MYS,2015,5.0,4,30270965.0,Asia
Malaysia,MYS,2016,3.0,2,30684652.0,
Malaysia,MYS,2017,5.0,0,31104655.0,
Malaysia,MYS,2018,5.0,0,31528033.0,
Malaysia,MYS,2019,5.0,0,31949789.0,
Malaysia,MYS,2020,,No malaria,32365998.0,
Maldives,MDV,2020,,No malaria,540542.0,
Mali,MLI,2000,20690.0,25672,10946448.0,
Mali,MLI,2001,21427.0,23927,11271603.0,
Mali,MLI,2002,23034.0,22172,11616890.0,
Mali,MLI,2003,24569.0,21772,11982692.0,
Mali,MLI,2004,26187.0,22353,12369078.0,
Mali,MLI,2005,27684.0,23245,12775509.0,
Mali,MLI,2006,28387.0,22899,13203378.0,
Mali,MLI,2007,27492.0,21311,13651455.0,
Mali,MLI,2008,27453.0,18710,14113578.0,
Mali,MLI,2009,26725.0,17255,14581427.0,
Mali,MLI,2010,26600.0,17241,15049352.0,
Mali,MLI,2011,28581.0,19701,15514593.0,
Mali,MLI,2012,32358.0,22890,15979492.0,
Mali,MLI,2013,33339.0,24431,16449854.0,
Mali,MLI,2014,32158.0,21909,16934213.0,
Mali,MLI,2015,27890.0,16997,17438772.0,Africa
Mali,MLI,2016,21363.0,13831,17965448.0,
Mali,MLI,2017,15832.0,14479,18512429.0,
Mali,MLI,2018,17213.0,17379,19077755.0,
Mali,MLI,2019,18000.0,17511,19658023.0,
Mali,MLI,2020,,19316,20250834.0,
Malta,MLT,2020,,No malaria,441539.0,
Marshall Islands,MHL,2020,,No malaria,59194.0,
Mauritania,MRT,2000,1180.0,1094,2630217.0,
Mauritania,MRT,2001,904.0,1151,2702405.0,
Mauritania,MRT,2002,684.0,1129,2778097.0,
Mauritania,MRT,2003,824.0,1154,2857150.0,
Mauritania,MRT,2004,488.0,1161,2939246.0,
Mauritania,MRT,2005,487.0,1179,3024198.0,
Mauritania,MRT,2006,99.0,1203,3111908.0,
Mauritania,MRT,2007,473.0,1210,3202512.0,
Mauritania,MRT,2008,721.0,1231,3296237.0,
Mauritania,MRT,2009,371.0,1262,3393408.0,
Mauritania,MRT,2010,602.0,1290,3494200.0,
Mauritania,MRT,2011,634.0,1317,3598646.0,
Mauritania,MRT,2012,382.0,1337,3706555.0,
Mauritania,MRT,2013,395.0,1358,3817497.0,
Mauritania,MRT,2014,1015.0,1433,3930894.0,
Mauritania,MRT,2015,1190.0,1471,4046304.0,Africa
Mauritania,MRT,2016,1549.0,1501,4163532.0,
Mauritania,MRT,2017,1294.0,1537,4282582.0,
Mauritania,MRT,2018,1711.0,1565,4403312.0,
Mauritania,MRT,2019,1997.0,1589,4525698.0,
Mauritania,MRT,2020,,1685,4649660.0,
Mauritius,MUS,2020,,No malaria,1271767.0,
Mexico,MEX,2000,7.0,0,98899845.0,
Mexico,MEX,2001,7.0,0,100298152.0,
Mexico,MEX,2002,6.0,0,101684764.0,
Mexico,MEX,2003,5.0,0,103081020.0,
Mexico,MEX,2004,5.0,0,104514934.0,
Mexico,MEX,2005,4.0,0,106005199.0,
Mexico,MEX,2006,4.0,0,107560155.0,
Mexico,MEX,2007,3.0,0,109170503.0,
Mexico,MEX,2008,3.0,0,110815272.0,
Mexico,MEX,2009,3.0,0,112463886.0,
Mexico,MEX,2010,3.0,0,114092961.0,
Mexico,MEX,2011,3.0,0,115695468.0,
Mexico,MEX,2012,3.0,0,117274156.0,
Mexico,MEX,2013,2.0,0,118827158.0,
Mexico,MEX,2014,2.0,0,120355137.0,
Mexico,MEX,2015,2.0,0,121858251.0,North America
Mexico,MEX,2016,1.0,0,123333379.0,
Mexico,MEX,2017,1.0,0,124777326.0,
Mexico,MEX,2018,1.0,0,126190782.0,
Mexico,MEX,2019,1.0,0,127575529.0,
Mexico,MEX,2020,,0,128932753.0,
Micronesia (country),FSM,2020,,No malaria,115021.0,
Moldova,MDA,2020,,No malaria,4033963.0,
Monaco,MCO,2020,,No malaria,39244.0,
Mongolia,MNG,2020,,No malaria,3278292.0,
Montenegro,MNE,2020,,No malaria,628062.0,
Morocco,MAR,2000,0.0,0,28793672.0,
Morocco,MAR,2001,0.0,0,29126323.0,
Morocco,MAR,2002,0.0,0,29454765.0,
Morocco,MAR,2003,0.0,0,29782884.0,
Morocco,MAR,2004,0.0,0,30115196.0,
Morocco,MAR,2005,0.0,0,30455563.0,
Morocco,MAR,2006,0.0,0,30804689.0,
Morocco,MAR,2007,0.0,0,31163670.0,
Morocco,MAR,2008,0.0,0,31536807.0,
Morocco,MAR,2009,0.0,0,31929087.0,
Morocco,MAR,2010,0.0,0,32343384.0,
Morocco,MAR,2011,0.0,0,32781860.0,
Morocco,MAR,2012,0.0,0,33241898.0,
Morocco,MAR,2013,0.0,0,33715705.0,
Morocco,MAR,2014,0.0,0,34192358.0,
Morocco,MAR,2015,0.0,0,34663608.0,Africa
Morocco,MAR,2016,0.0,0,35126274.0,
Morocco,MAR,2017,0.0,0,35581257.0,
Morocco,MAR,2018,0.0,0,36029089.0,
Morocco,MAR,2019,0.0,0,36471766.0,
Morocco,MAR,2020,,No malaria,36910558.0,
Mozambique,MOZ,2000,31062.0,45482,17711925.0,
Mozambique,MOZ,2001,31997.0,45549,18221884.0,
Mozambique,MOZ,2002,31173.0,42733,18764147.0,
Mozambique,MOZ,2003,30454.0,39238,19331097.0,
Mozambique,MOZ,2004,28274.0,34157,19910549.0,
Mozambique,MOZ,2005,26154.0,29860,20493927.0,
Mozambique,MOZ,2006,27786.0,28172,21080108.0,
Mozambique,MOZ,2007,27928.0,27031,21673319.0,
Mozambique,MOZ,2008,25203.0,26418,22276596.0,
Mozambique,MOZ,2009,26755.0,26467,22894718.0,
Mozambique,MOZ,2010,26778.0,26605,23531567.0,
Mozambique,MOZ,2011,25570.0,25707,24187500.0,
Mozambique,MOZ,2012,25059.0,24925,24862673.0,
Mozambique,MOZ,2013,24242.0,25213,25560752.0,
Mozambique,MOZ,2014,22738.0,24815,26286192.0,
Mozambique,MOZ,2015,21419.0,23939,27042001.0,Africa
Mozambique,MOZ,2016,20820.0,23186,27829930.0,
Mozambique,MOZ,2017,19734.0,21640,28649007.0,
Mozambique,MOZ,2018,19845.0,19321,29496009.0,
Mozambique,MOZ,2019,20528.0,19189,30366043.0,
Mozambique,MOZ,2020,,23766,31255435.0,
Myanmar,MMR,2000,3614.0,2744,46719698.0,
Myanmar,MMR,2001,5018.0,2775,47225119.0,
Myanmar,MMR,2002,5958.0,2802,47702163.0,
Myanmar,MMR,2003,7237.0,2828,48148907.0,
Myanmar,MMR,2004,6695.0,2853,48564489.0,
Myanmar,MMR,2005,7529.0,2875,48949931.0,
Myanmar,MMR,2006,8428.0,2041,49301049.0,
Myanmar,MMR,2007,10692.0,2555,49621479.0,
Myanmar,MMR,2008,13470.0,3222,49929642.0,
Myanmar,MMR,2009,11914.0,3023,50250366.0,
Myanmar,MMR,2010,11433.0,4849,50600827.0,
Myanmar,MMR,2011,8812.0,3214,50990612.0,
Myanmar,MMR,2012,9453.0,3412,51413703.0,
Myanmar,MMR,2013,5795.0,1169,51852464.0,
Myanmar,MMR,2014,2889.0,729,52280816.0,
Myanmar,MMR,2015,1919.0,482,52680724.0,Asia
Myanmar,MMR,2016,975.0,274,53045199.0,
Myanmar,MMR,2017,216.0,209,53382521.0,
Myanmar,MMR,2018,271.0,164,53708318.0,
Myanmar,MMR,2019,294.0,101,54045422.0,
Myanmar,MMR,2020,,77,54409794.0,
Namibia,NAM,2000,333.0,199,1794583.0,
Namibia,NAM,2001,369.0,263,1823667.0,
Namibia,NAM,2002,279.0,180,1851519.0,
Namibia,NAM,2003,265.0,172,1879113.0,
Namibia,NAM,2004,367.0,270,1907737.0,
Namibia,NAM,2005,224.0,167,1938316.0,
Namibia,NAM,2006,214.0,174,1971318.0,
Namibia,NAM,2007,91.0,52,2006516.0,
Namibia,NAM,2008,33.0,30,2043382.0,
Namibia,NAM,2009,15.0,20,2081039.0,
Namibia,NAM,2010,7.0,6,2118877.0,
Namibia,NAM,2011,8.0,7,2156698.0,
Namibia,NAM,2012,1.0,13,2194777.0,
Namibia,NAM,2013,15.0,20,2233506.0,
Namibia,NAM,2014,40.0,65,2273426.0,
Namibia,NAM,2015,19.0,38,2314901.0,Africa
Namibia,NAM,2016,43.0,82,2358044.0,
Namibia,NAM,2017,133.0,228,2402623.0,
Namibia,NAM,2018,93.0,128,2448300.0,
Namibia,NAM,2019,192.0,14,2494524.0,
Namibia,NAM,2020,,51,2540916.0,
Nauru,NRU,2020,,No malaria,10834.0,
Nepal,NPL,2000,44.0,25,23941099.0,
Nepal,NPL,2001,38.0,28,24347113.0,
Nepal,NPL,2002,139.0,62,24725625.0,
Nepal,NPL,2003,76.0,46,25080880.0,
Nepal,NPL,2004,43.0,24,25419337.0,
Nepal,NPL,2005,54.0,26,25744500.0,
Nepal,NPL,2006,69.0,32,26066687.0,
Nepal,NPL,2007,70.0,39,26382586.0,
Nepal,NPL,2008,39.0,25,26666581.0,
Nepal,NPL,2009,32.0,21,26883531.0,
Nepal,NPL,2010,32.0,27,27013207.0,
Nepal,NPL,2011,0.0,12,27041220.0,
Nepal,NPL,2012,4.0,10,26989160.0,
Nepal,NPL,2013,8.0,6,26916795.0,
Nepal,NPL,2014,3.0,3,26905982.0,
Nepal,NPL,2015,7.0,2,27015033.0,Asia
Nepal,NPL,2016,3.0,2,27263430.0,
Nepal,NPL,2017,1.0,0,27632682.0,
Nepal,NPL,2018,1.0,1,28095712.0,
Nepal,NPL,2019,1.0,0,28608715.0,
Nepal,NPL,2020,,0,29136808.0,
Netherlands,NLD,2020,,No malaria,17134873.0,
New Zealand,NZL,2020,,No malaria,4822233.0,
Nicaragua,NIC,2000,9.0,4,5069310.0,
Nicaragua,NIC,2001,7.0,2,5145367.0,
Nicaragua,NIC,2002,5.0,8,5219324.0,
Nicaragua,NIC,2003,5.0,7,5292115.0,
Nicaragua,NIC,2004,4.0,1,5364930.0,
Nicaragua,NIC,2005,3.0,6,5438692.0,
Nicaragua,NIC,2006,1.0,1,5513757.0,
Nicaragua,NIC,2007,0.0,0,5590066.0,
Nicaragua,NIC,2008,0.0,0,5667436.0,
Nicaragua,NIC,2009,0.0,0,5745538.0,
Nicaragua,NIC,2010,0.0,1,5824058.0,
Nicaragua,NIC,2011,0.0,1,5903035.0,
Nicaragua,NIC,2012,1.0,2,5982530.0,
Nicaragua,NIC,2013,1.0,0,6062462.0,
Nicaragua,NIC,2014,0.0,0,6142734.0,
Nicaragua,NIC,2015,1.0,1,6223234.0,North America
Nicaragua,NIC,2016,3.0,2,6303970.0,
Nicaragua,NIC,2017,4.0,1,6384843.0,
Nicaragua,NIC,2018,2.0,3,6465502.0,
Nicaragua,NIC,2019,3.0,1,6545503.0,
Nicaragua,NIC,2020,,0,6624554.0,
Niger,NER,2000,19072.0,25663,11331561.0,
Niger,NER,2001,19350.0,25034,11751364.0,
Niger,NER,2002,18050.0,21946,12189988.0,
Niger,NER,2003,18504.0,20714,12647983.0,
Niger,NER,2004,18858.0,19908,13125914.0,
Niger,NER,2005,21313.0,19595,13624474.0,
Niger,NER,2006,21694.0,19018,14143969.0,
Niger,NER,2007,24041.0,19662,14685404.0,
Niger,NER,2008,26586.0,20669,15250913.0,
Niger,NER,2009,29875.0,22734,15843131.0,
Niger,NER,2010,31941.0,24628,16464025.0,
Niger,NER,2011,34358.0,25514,17114770.0,
Niger,NER,2012,35865.0,25584,17795209.0,
Niger,NER,2013,36155.0,24706,18504287.0,
Niger,NER,2014,34408.0,23360,19240182.0,
Niger,NER,2015,32208.0,21498,20001663.0,Africa
Niger,NER,2016,29146.0,20478,20788789.0,
Niger,NER,2017,25790.0,18087,21602388.0,
Niger,NER,2018,22820.0,16340,22442831.0,
Niger,NER,2019,23822.0,16391,23310719.0,
Niger,NER,2020,,17435,24206636.0,
Nigeria,NGA,2000,212123.0,249308,122283853.0,
Nigeria,NGA,2001,221139.0,242521,125394046.0,
Nigeria,NGA,2002,226408.0,230496,128596079.0,
Nigeria,NGA,2003,235380.0,226464,131900633.0,
Nigeria,NGA,2004,236937.0,226562,135320420.0,
Nigeria,NGA,2005,243827.0,230356,138865014.0,
Nigeria,NGA,2006,257505.0,232391,142538305.0,
Nigeria,NGA,2007,267368.0,229172,146339971.0,
Nigeria,NGA,2008,280604.0,221424,150269622.0,
Nigeria,NGA,2009,276715.0,210258,154324939.0,
Nigeria,NGA,2010,266638.0,197589,158503203.0,
Nigeria,NGA,2011,254072.0,184090,162805080.0,
Nigeria,NGA,2012,239886.0,173305,167228803.0,
Nigeria,NGA,2013,227310.0,168902,171765819.0,
Nigeria,NGA,2014,218689.0,165149,176404931.0,
Nigeria,NGA,2015,204672.0,163058,181137454.0,Africa
Nigeria,NGA,2016,186482.0,165653,185960244.0,
Nigeria,NGA,2017,176183.0,176528,190873247.0,
Nigeria,NGA,2018,187000.0,186937,195874685.0,
Nigeria,NGA,2019,191106.0,187437,200963603.0,
Nigeria,NGA,2020,,199689,206139587.0,
Niue,NIU,2020,,No malaria,1618.0,
North Korea,PRK,2000,5.0,0,22929078.0,
North Korea,PRK,2001,5.0,0,23132982.0,
North Korea,PRK,2002,5.0,0,23339453.0,
North Korea,PRK,2003,5.0,0,23542434.0,
North Korea,PRK,2004,4.0,0,23732740.0,
North Korea,PRK,2005,4.0,0,23904167.0,
North Korea,PRK,2006,4.0,0,24054866.0,
North Korea,PRK,2007,4.0,0,24188330.0,
North Korea,PRK,2008,4.0,0,24310143.0,
North Korea,PRK,2009,4.0,0,24428340.0,
North Korea,PRK,2010,3.0,0,24548840.0,
North Korea,PRK,2011,3.0,0,24673392.0,
North Korea,PRK,2012,3.0,0,24800638.0,
North Korea,PRK,2013,3.0,0,24929500.0,
North Korea,PRK,2014,3.0,0,25057793.0,
North Korea,PRK,2015,3.0,0,25183832.0,Asia
North Korea,PRK,2016,3.0,0,25307665.0,
North Korea,PRK,2017,2.0,0,25429816.0,
North Korea,PRK,2018,2.0,0,25549606.0,
North Korea,PRK,2019,2.0,0,25666158.0,
North Korea,PRK,2020,,0,25778815.0,
North Macedonia,MKD,2020,,No malaria,2083380.0,
Norway,NOR,2020,,No malaria,5421242.0,
Oman,OMN,2000,0.0,0,2267973.0,
Oman,OMN,2001,0.0,0,2294959.0,
Oman,OMN,2002,0.0,0,2334860.0,
Oman,OMN,2003,0.0,0,2386164.0,
Oman,OMN,2004,0.0,0,2445524.0,
Oman,OMN,2005,0.0,0,2511254.0,
Oman,OMN,2006,0.0,0,2580753.0,
Oman,OMN,2007,0.0,0,2657162.0,
Oman,OMN,2008,0.0,0,2750956.0,
Oman,OMN,2009,0.0,0,2876186.0,
Oman,OMN,2010,0.0,0,3041435.0,
Oman,OMN,2011,0.0,0,3251102.0,
Oman,OMN,2012,0.0,0,3498031.0,
Oman,OMN,2013,0.0,0,3764805.0,
Oman,OMN,2014,0.0,0,4027255.0,
Oman,OMN,2015,0.0,0,4267341.0,Asia
Oman,OMN,2016,0.0,0,4479217.0,
Oman,OMN,2017,0.0,0,4665926.0,
Oman,OMN,2018,0.0,0,4829476.0,
Oman,OMN,2019,0.0,0,4974992.0,
Oman,OMN,2020,,No malaria,5106622.0,
Pakistan,PAK,2000,7006.0,995,142343583.0,
Pakistan,PAK,2001,5431.0,1144,145978408.0,
Pakistan,PAK,2002,4323.0,1001,149549695.0,
Pakistan,PAK,2003,4158.0,991,153093371.0,
Pakistan,PAK,2004,2367.0,643,156664698.0,
Pakistan,PAK,2005,3510.0,923,160304007.0,
Pakistan,PAK,2006,3533.0,882,164022626.0,
Pakistan,PAK,2007,3946.0,879,167808106.0,
Pakistan,PAK,2008,3163.0,679,171648984.0,
Pakistan,PAK,2009,4945.0,1000,175525610.0,
Pakistan,PAK,2010,8828.0,1616,179424643.0,
Pakistan,PAK,2011,9551.0,1814,183340168.0,
Pakistan,PAK,2012,9847.0,1703,187280125.0,
Pakistan,PAK,2013,4013.0,1197,191260799.0,
Pakistan,PAK,2014,3275.0,981,195305012.0,
Pakistan,PAK,2015,3922.0,780,199426953.0,Asia
Pakistan,PAK,2016,4120.0,823,203631356.0,
Pakistan,PAK,2017,5195.0,641,207906210.0,
Pakistan,PAK,2018,4242.0,511,212228288.0,
Pakistan,PAK,2019,4031.0,544,216565317.0,
Pakistan,PAK,2020,,454,220892331.0,
Palau,PLW,2020,,No malaria,18092.0,
Panama,PAN,2000,1.0,1,3030333.0,
Panama,PAN,2001,1.0,1,3089641.0,
Panama,PAN,2002,5.0,2,3149195.0,
Panama,PAN,2003,8.0,4,3209056.0,
Panama,PAN,2004,9.0,2,3269356.0,
Panama,PAN,2005,7.0,1,3330222.0,
Panama,PAN,2006,1.0,1,3391673.0,
Panama,PAN,2007,0.0,1,3453671.0,
Panama,PAN,2008,0.0,1,3516204.0,
Panama,PAN,2009,0.0,0,3579215.0,
Panama,PAN,2010,0.0,1,3642691.0,
Panama,PAN,2011,0.0,0,3706479.0,
Panama,PAN,2012,0.0,1,3770635.0,
Panama,PAN,2013,0.0,0,3835447.0,
Panama,PAN,2014,0.0,0,3901311.0,
Panama,PAN,2015,0.0,0,3968490.0,North America
Panama,PAN,2016,0.0,0,4037073.0,
Panama,PAN,2017,0.0,0,4106764.0,
Panama,PAN,2018,0.0,0,4176868.0,
Panama,PAN,2019,0.0,0,4246440.0,
Panama,PAN,2020,,0,4314768.0,
Papua New Guinea,PNG,2000,955.0,3142,5847590.0,
Papua New Guinea,PNG,2001,1104.0,3075,5974627.0,
Papua New Guinea,PNG,2002,1113.0,2635,6098621.0,
Papua New Guinea,PNG,2003,1382.0,2816,6223378.0,
Papua New Guinea,PNG,2004,1638.0,3517,6354247.0,
Papua New Guinea,PNG,2005,1736.0,2796,6494902.0,
Papua New Guinea,PNG,2006,1977.0,2924,6646891.0,
Papua New Guinea,PNG,2007,1765.0,2675,6808503.0,
Papua New Guinea,PNG,2008,1944.0,2498,6976200.0,
Papua New Guinea,PNG,2009,2285.0,3367,7144774.0,
Papua New Guinea,PNG,2010,1606.0,2343,7310512.0,
Papua New Guinea,PNG,2011,1231.0,2030,7472196.0,
Papua New Guinea,PNG,2012,1156.0,2694,7631003.0,
Papua New Guinea,PNG,2013,1537.0,3452,7788388.0,
Papua New Guinea,PNG,2014,1391.0,3134,7946733.0,
Papua New Guinea,PNG,2015,870.0,1857,8107772.0,Oceania
Papua New Guinea,PNG,2016,1353.0,2557,8271766.0,
Papua New Guinea,PNG,2017,1306.0,2502,8438038.0,
Papua New Guinea,PNG,2018,945.0,2562,8606324.0,
Papua New Guinea,PNG,2019,928.0,2250,8776119.0,
Papua New Guinea,PNG,2020,,2962,8947027.0,
Paraguay,PRY,2000,1.0,0,5323202.0,
Paraguay,PRY,2001,1.0,0,5428442.0,
Paraguay,PRY,2002,1.0,0,5531958.0,
Paraguay,PRY,2003,1.0,0,5632983.0,
Paraguay,PRY,2004,1.0,0,5730556.0,
Paraguay,PRY,2005,1.0,0,5824095.0,
Paraguay,PRY,2006,1.0,0,5913212.0,
Paraguay,PRY,2007,1.0,0,5998430.0,
Paraguay,PRY,2008,1.0,0,6081296.0,
Paraguay,PRY,2009,1.0,0,6163970.0,
Paraguay,PRY,2010,1.0,0,6248017.0,
Paraguay,PRY,2011,0.0,0,6333981.0,
Paraguay,PRY,2012,0.0,0,6421510.0,
Paraguay,PRY,2013,0.0,0,6510273.0,
Paraguay,PRY,2014,0.0,0,6599524.0,
Paraguay,PRY,2015,0.0,0,6688746.0,South America
Paraguay,PRY,2016,0.0,0,6777878.0,
Paraguay,PRY,2017,0.0,0,6867058.0,
Paraguay,PRY,2018,0.0,0,6956069.0,
Paraguay,PRY,2019,0.0,0,7044639.0,
Paraguay,PRY,2020,,No malaria,7132530.0,
Peru,PER,2000,177.0,96,26459944.0,
Peru,PER,2001,115.0,89,26799289.0,
Peru,PER,2002,126.0,108,27100964.0,
Peru,PER,2003,91.0,95,27372217.0,
Peru,PER,2004,87.0,98,27624226.0,
Peru,PER,2005,53.0,80,27866140.0,
Peru,PER,2006,26.0,52,28102055.0,
Peru,PER,2007,22.0,43,28333050.0,
Peru,PER,2008,14.0,34,28562321.0,
Peru,PER,2009,12.0,31,28792663.0,
Peru,PER,2010,6.0,20,29027680.0,
Peru,PER,2011,8.0,19,29264314.0,
Peru,PER,2012,10.0,24,29506790.0,
Peru,PER,2013,34.0,45,29773986.0,
Peru,PER,2014,41.0,60,30090372.0,
Peru,PER,2015,41.0,94,30470739.0,South America
Peru,PER,2016,39.0,69,30926036.0,
Peru,PER,2017,33.0,64,31444299.0,
Peru,PER,2018,11.0,48,31989265.0,
Peru,PER,2019,19.0,35,32510462.0,
Peru,PER,2020,,23,32971845.0,
Philippines,PHL,2000,194.0,204,77991757.0,
Philippines,PHL,2001,155.0,143,79672869.0,
Philippines,PHL,2002,242.0,180,81365260.0,
Philippines,PHL,2003,347.0,257,83051970.0,
Philippines,PHL,2004,349.0,233,84710544.0,
Philippines,PHL,2005,422.0,167,86326251.0,
Philippines,PHL,2006,525.0,203,87888675.0,
Philippines,PHL,2007,591.0,217,89405482.0,
Philippines,PHL,2008,422.0,143,90901967.0,
Philippines,PHL,2009,395.0,116,92414161.0,
Philippines,PHL,2010,341.0,113,93966784.0,
Philippines,PHL,2011,140.0,47,95570049.0,
Philippines,PHL,2012,92.0,35,97212639.0,
Philippines,PHL,2013,89.0,36,98871558.0,
Philippines,PHL,2014,23.0,29,100513137.0,
Philippines,PHL,2015,46.0,62,102113206.0,Asia
Philippines,PHL,2016,18.0,37,103663812.0,
Philippines,PHL,2017,41.0,35,105172921.0,
Philippines,PHL,2018,34.0,24,106651394.0,
Philippines,PHL,2019,46.0,31,108116622.0,
Philippines,PHL,2020,,97,109581085.0,
Poland,POL,2020,,No malaria,37846605.0,
Portugal,PRT,2020,,No malaria,10196707.0,
Qatar,QAT,2020,,No malaria,2881060.0,
Romania,ROU,2020,,No malaria,19237682.0,
Russia,RUS,2020,,No malaria,145934460.0,
Rwanda,RWA,2000,10703.0,6191,7933688.0,
Rwanda,RWA,2001,10430.0,6004,8231150.0,
Rwanda,RWA,2002,8570.0,5076,8427061.0,
Rwanda,RWA,2003,6695.0,4248,8557160.0,
Rwanda,RWA,2004,4710.0,3592,8680516.0,
Rwanda,RWA,2005,3046.0,3224,8840220.0,
Rwanda,RWA,2006,2326.0,3028,9043342.0,
Rwanda,RWA,2007,2377.0,2926,9273759.0,
Rwanda,RWA,2008,3119.0,2882,9524532.0,
Rwanda,RWA,2009,3813.0,2854,9782770.0,
Rwanda,RWA,2010,4271.0,2871,10039338.0,
Rwanda,RWA,2011,4003.0,2820,10293333.0,
Rwanda,RWA,2012,3331.0,2778,10549668.0,
Rwanda,RWA,2013,2594.0,2762,10811538.0,
Rwanda,RWA,2014,2655.0,2761,11083629.0,
Rwanda,RWA,2015,3012.0,2799,11369066.0,Africa
Rwanda,RWA,2016,3893.0,2867,11668829.0,
Rwanda,RWA,2017,4225.0,2923,11980960.0,
Rwanda,RWA,2018,3404.0,2932,12301969.0,
Rwanda,RWA,2019,3386.0,2982,12626938.0,
Rwanda,RWA,2020,,3046,12952209.0,
Saint Kitts and Nevis,KNA,2020,,No malaria,53192.0,
Saint Lucia,LCA,2020,,No malaria,183629.0,
Saint Vincent and the Grenadines,VCT,2020,,No malaria,110947.0,
Samoa,WSM,2020,,No malaria,198410.0,
San Marino,SMR,2020,,No malaria,33938.0,
Sao Tome and Principe,STP,2000,184.0,254,142264.0,
Sao Tome and Principe,STP,2001,180.0,248,144760.0,
Sao Tome and Principe,STP,2002,111.0,321,147450.0,
Sao Tome and Principe,STP,2003,185.0,193,150405.0,
Sao Tome and Principe,STP,2004,86.0,169,153736.0,
Sao Tome and Principe,STP,2005,150.0,85,157472.0,
Sao Tome and Principe,STP,2006,69.0,26,161676.0,
Sao Tome and Principe,STP,2007,36.0,3,166297.0,
Sao Tome and Principe,STP,2008,75.0,16,171122.0,
Sao Tome and Principe,STP,2009,68.0,23,175877.0,
Sao Tome and Principe,STP,2010,32.0,14,180372.0,
Sao Tome and Principe,STP,2011,72.0,19,184521.0,
Sao Tome and Principe,STP,2012,93.0,7,188394.0,
Sao Tome and Principe,STP,2013,72.0,11,192076.0,
Sao Tome and Principe,STP,2014,15.0,0,195727.0,
Sao Tome and Principe,STP,2015,14.0,0,199439.0,Africa
Sao Tome and Principe,STP,2016,14.0,1,203221.0,
Sao Tome and Principe,STP,2017,13.0,1,207086.0,
Sao Tome and Principe,STP,2018,12.0,0,211032.0,
Sao Tome and Principe,STP,2019,12.0,0,215048.0,
Sao Tome and Principe,STP,2020,,0,219161.0,
Saudi Arabia,SAU,2000,22.0,0,20663840.0,
Saudi Arabia,SAU,2001,6.0,0,21202646.0,
Saudi Arabia,SAU,2002,5.0,0,21805322.0,
Saudi Arabia,SAU,2003,3.0,0,22456645.0,
Saudi Arabia,SAU,2004,2.0,0,23132686.0,
Saudi Arabia,SAU,2005,1.0,0,23816175.0,
Saudi Arabia,SAU,2006,1.0,0,24498313.0,
Saudi Arabia,SAU,2007,2.0,0,25184589.0,
Saudi Arabia,SAU,2008,0.0,0,25888535.0,
Saudi Arabia,SAU,2009,0.0,0,26630303.0,
Saudi Arabia,SAU,2010,0.0,0,27421468.0,
Saudi Arabia,SAU,2011,0.0,0,28267591.0,
Saudi Arabia,SAU,2012,0.0,0,29154906.0,
Saudi Arabia,SAU,2013,0.0,0,30052058.0,
Saudi Arabia,SAU,2014,0.0,0,30916603.0,
Saudi Arabia,SAU,2015,0.0,0,31717676.0,Asia
Saudi Arabia,SAU,2016,1.0,0,32443443.0,
Saudi Arabia,SAU,2017,1.0,0,33101182.0,
Saudi Arabia,SAU,2018,1.0,0,33702757.0,
Saudi Arabia,SAU,2019,1.0,0,34268529.0,
Saudi Arabia,SAU,2020,,0,34813867.0,
Senegal,SEN,2000,20300.0,6336,9797731.0,
Senegal,SEN,2001,7662.0,6404,10036102.0,
Senegal,SEN,2002,7645.0,5645,10283694.0,
Senegal,SEN,2003,11333.0,5034,10541470.0,
Senegal,SEN,2004,9861.0,4419,10810086.0,
Senegal,SEN,2005,9822.0,4066,11090123.0,
Senegal,SEN,2006,10601.0,3943,11382272.0,
Senegal,SEN,2007,9843.0,3869,11687078.0,
Senegal,SEN,2008,8563.0,3904,12004700.0,
Senegal,SEN,2009,5932.0,3917,12335092.0,
Senegal,SEN,2010,11329.0,3908,12678143.0,
Senegal,SEN,2011,9949.0,3873,13033814.0,
Senegal,SEN,2012,10197.0,3792,13401990.0,
Senegal,SEN,2013,8762.0,3834,13782429.0,
Senegal,SEN,2014,6845.0,3961,14174740.0,
Senegal,SEN,2015,6706.0,4042,14578450.0,Africa
Senegal,SEN,2016,5375.0,4056,14993514.0,
Senegal,SEN,2017,6203.0,4163,15419354.0,
Senegal,SEN,2018,7182.0,4400,15854324.0,
Senegal,SEN,2019,6740.0,4470,16296362.0,
Senegal,SEN,2020,,4602,16743930.0,
Serbia,SRB,2020,,No malaria,8737370.0,
Seychelles,SYC,2020,,No malaria,98340.0,
Sierra Leone,SLE,2000,12396.0,14506,4584570.0,
Sierra Leone,SLE,2001,13779.0,15093,4754069.0,
Sierra Leone,SLE,2002,14900.0,14567,4965770.0,
Sierra Leone,SLE,2003,15604.0,13478,5201074.0,
Sierra Leone,SLE,2004,16199.0,11968,5433995.0,
Sierra Leone,SLE,2005,15946.0,10999,5645629.0,
Sierra Leone,SLE,2006,15944.0,10638,5829240.0,
Sierra Leone,SLE,2007,16173.0,10976,5989641.0,
Sierra Leone,SLE,2008,17132.0,12609,6133599.0,
Sierra Leone,SLE,2009,16686.0,14149,6272735.0,
Sierra Leone,SLE,2010,15752.0,15137,6415636.0,
Sierra Leone,SLE,2011,15309.0,14951,6563238.0,
Sierra Leone,SLE,2012,14612.0,14051,6712586.0,
Sierra Leone,SLE,2013,13963.0,12628,6863975.0,
Sierra Leone,SLE,2014,13159.0,11151,7017153.0,
Sierra Leone,SLE,2015,13346.0,10818,7171909.0,Africa
Sierra Leone,SLE,2016,13382.0,9394,7328846.0,
Sierra Leone,SLE,2017,12755.0,8435,7488427.0,
Sierra Leone,SLE,2018,11987.0,7089,7650149.0,
Sierra Leone,SLE,2019,11717.0,6904,7813207.0,
Sierra Leone,SLE,2020,,8054,7976985.0,
Singapore,SGP,2020,,No malaria,5850343.0,
Slovakia,SVK,2020,,No malaria,5459643.0,
Slovenia,SVN,2020,,No malaria,2078931.0,
Solomon Islands,SLB,2000,107.0,476,412665.0,
Solomon Islands,SLB,2001,130.0,521,423949.0,
Solomon Islands,SLB,2002,168.0,513,435434.0,
Solomon Islands,SLB,2003,184.0,456,447016.0,
Solomon Islands,SLB,2004,206.0,652,458549.0,
Solomon Islands,SLB,2005,220.0,547,469918.0,
Solomon Islands,SLB,2006,222.0,549,481086.0,
Solomon Islands,SLB,2007,262.0,310,492133.0,
Solomon Islands,SLB,2008,437.0,182,503366.0,
Solomon Islands,SLB,2009,352.0,142,515182.0,
Solomon Islands,SLB,2010,377.0,163,527861.0,
Solomon Islands,SLB,2011,244.0,108,541522.0,
Solomon Islands,SLB,2012,197.0,89,556066.0,
Solomon Islands,SLB,2013,165.0,83,571329.0,
Solomon Islands,SLB,2014,114.0,48,587079.0,
Solomon Islands,SLB,2015,112.0,57,603133.0,Oceania
Solomon Islands,SLB,2016,156.0,103,619438.0,
Solomon Islands,SLB,2017,145.0,134,636030.0,
Solomon Islands,SLB,2018,96.0,109,652856.0,
Solomon Islands,SLB,2019,87.0,161,669821.0,
Solomon Islands,SLB,2020,,124,686878.0,
Somalia,SOM,2000,5926.0,2852,8872250.0,
Somalia,SOM,2001,6104.0,2962,9186719.0,
Somalia,SOM,2002,4999.0,3069,9501335.0,
Somalia,SOM,2003,4337.0,3040,9815412.0,
Somalia,SOM,2004,3552.0,3111,10130251.0,
Somalia,SOM,2005,3352.0,3652,10446856.0,
Somalia,SOM,2006,3080.0,3308,10763904.0,
Somalia,SOM,2007,2547.0,2852,11080122.0,
Somalia,SOM,2008,1634.0,1841,11397188.0,
Somalia,SOM,2009,1075.0,1152,11717691.0,
Somalia,SOM,2010,994.0,1347,12043886.0,
Somalia,SOM,2011,1111.0,1128,12376305.0,
Somalia,SOM,2012,1728.0,1162,12715487.0,
Somalia,SOM,2013,2863.0,1396,13063711.0,
Somalia,SOM,2014,3734.0,1639,13423571.0,
Somalia,SOM,2015,3970.0,1969,13797204.0,Africa
Somalia,SOM,2016,3953.0,2034,14185635.0,
Somalia,SOM,2017,3686.0,2081,14589165.0,
Somalia,SOM,2018,3678.0,1977,15008225.0,
Somalia,SOM,2019,3899.0,1942,15442906.0,
Somalia,SOM,2020,,2123,15893219.0,
South Africa,ZAF,2000,25.0,424,44967713.0,
South Africa,ZAF,2001,296.0,81,45571272.0,
South Africa,ZAF,2002,163.0,96,46150913.0,
South Africa,ZAF,2003,126.0,142,46719203.0,
South Africa,ZAF,2004,122.0,88,47291610.0,
South Africa,ZAF,2005,67.0,63,47880595.0,
South Africa,ZAF,2006,101.0,87,48489464.0,
South Africa,ZAF,2007,43.0,37,49119766.0,
South Africa,ZAF,2008,48.0,43,49779472.0,
South Africa,ZAF,2009,36.0,45,50477013.0,
South Africa,ZAF,2010,45.0,83,51216967.0,
South Africa,ZAF,2011,51.0,54,52003759.0,
South Africa,ZAF,2012,28.0,72,52832659.0,
South Africa,ZAF,2013,62.0,105,53687125.0,
South Africa,ZAF,2014,58.0,174,54544184.0,
South Africa,ZAF,2015,4.0,110,55386369.0,Africa
South Africa,ZAF,2016,6.0,34,56207649.0,
South Africa,ZAF,2017,123.0,301,57009751.0,
South Africa,ZAF,2018,142.0,69,57792520.0,
South Africa,ZAF,2019,464.0,79,58558267.0,
South Africa,ZAF,2020,,38,59308690.0,
South Korea,KOR,2000,6.0,0,47379237.0,
South Korea,KOR,2001,5.0,0,47706226.0,
South Korea,KOR,2002,5.0,0,47999551.0,
South Korea,KOR,2003,5.0,0,48260901.0,
South Korea,KOR,2004,4.0,0,48493434.0,
South Korea,KOR,2005,4.0,0,48701069.0,
South Korea,KOR,2006,4.0,0,48880449.0,
South Korea,KOR,2007,3.0,1,49034813.0,
South Korea,KOR,2008,3.0,0,49182458.0,
South Korea,KOR,2009,3.0,1,49347450.0,
South Korea,KOR,2010,3.0,1,49545638.0,
South Korea,KOR,2011,3.0,2,49786153.0,
South Korea,KOR,2012,3.0,0,50060639.0,
South Korea,KOR,2013,2.0,0,50345720.0,
South Korea,KOR,2014,2.0,0,50607904.0,
South Korea,KOR,2015,2.0,0,50823087.0,Asia
South Korea,KOR,2016,2.0,0,50983446.0,
South Korea,KOR,2017,2.0,0,51096408.0,
South Korea,KOR,2018,2.0,0,51171700.0,
South Korea,KOR,2019,2.0,0,51225321.0,
South Korea,KOR,2020,,0,51269183.0,
South Sudan,SSD,2000,6498.0,10974,6199396.0,
South Sudan,SSD,2001,6698.0,10497,6447791.0,
South Sudan,SSD,2002,6439.0,9401,6688225.0,
South Sudan,SSD,2003,6392.0,8739,6935665.0,
South Sudan,SSD,2004,6328.0,8047,7213354.0,
South Sudan,SSD,2005,6400.0,7498,7535931.0,
South Sudan,SSD,2006,6297.0,7177,7907407.0,
South Sudan,SSD,2007,6037.0,6815,8315144.0,
South Sudan,SSD,2008,5739.0,6644,8736932.0,
South Sudan,SSD,2009,5351.0,6342,9142258.0,
South Sudan,SSD,2010,4982.0,6037,9508372.0,
South Sudan,SSD,2011,4784.0,5784,9830695.0,
South Sudan,SSD,2012,4855.0,5687,10113648.0,
South Sudan,SSD,2013,5074.0,5736,10355030.0,
South Sudan,SSD,2014,4988.0,6062,10554882.0,
South Sudan,SSD,2015,5171.0,6410,10715657.0,Africa
South Sudan,SSD,2016,5032.0,6810,10832520.0,
South Sudan,SSD,2017,4983.0,7156,10910774.0,
South Sudan,SSD,2018,4885.0,6961,10975924.0,
South Sudan,SSD,2019,5109.0,7194,11062114.0,
South Sudan,SSD,2020,,7431,11193729.0,
South-east Asia,,2000,,35120,,
South-east Asia,,2001,,34124,,
South-east Asia,,2002,,32670,,
South-east Asia,,2003,,33044,,
South-east Asia,,2004,,36478,,
South-east Asia,,2005,,37975,,
South-east Asia,,2006,,32644,,
South-east Asia,,2007,,32778,,
South-east Asia,,2008,,35652,,
South-east Asia,,2009,,37378,,
South-east Asia,,2010,,39329,,
South-east Asia,,2011,,32263,,
South-east Asia,,2012,,27008,,
South-east Asia,,2013,,20698,,
South-east Asia,,2014,,23091,,
South-east Asia,,2015,,24109,,
South-east Asia,,2016,,24868,,
South-east Asia,,2017,,18012,,
South-east Asia,,2018,,10913,,
South-east Asia,,2019,,9050,,
South-east Asia,,2020,,8879,,
Spain,ESP,2020,,No malaria,46754783.0,
Sri Lanka,LKA,2000,533.0,77,18777606.0,
Sri Lanka,LKA,2001,114.0,52,18911727.0,
Sri Lanka,LKA,2002,60.0,30,19062476.0,
Sri Lanka,LKA,2003,18.0,4,19224036.0,
Sri Lanka,LKA,2004,9.0,1,19387153.0,
Sri Lanka,LKA,2005,2.0,0,19544988.0,
Sri Lanka,LKA,2006,1.0,1,19695977.0,
Sri Lanka,LKA,2007,0.0,1,19842044.0,
Sri Lanka,LKA,2008,1.0,0,19983984.0,
Sri Lanka,LKA,2009,0.0,0,20123508.0,
Sri Lanka,LKA,2010,0.0,0,20261738.0,
Sri Lanka,LKA,2011,0.0,0,20398496.0,
Sri Lanka,LKA,2012,0.0,0,20532599.0,
Sri Lanka,LKA,2013,0.0,0,20663053.0,
Sri Lanka,LKA,2014,0.0,0,20788512.0,
Sri Lanka,LKA,2015,0.0,0,20908024.0,Asia
Sri Lanka,LKA,2016,0.0,0,21021177.0,
Sri Lanka,LKA,2017,0.0,0,21128028.0,
Sri Lanka,LKA,2018,0.0,0,21228760.0,
Sri Lanka,LKA,2019,0.0,0,21323734.0,
Sri Lanka,LKA,2020,,No malaria,21413250.0,
Sudan,SDN,2000,5024.0,6200,27275019.0,
Sudan,SDN,2001,5005.0,5919,27971077.0,
Sudan,SDN,2002,3949.0,4688,28704786.0,
Sudan,SDN,2003,3632.0,4409,29460517.0,
Sudan,SDN,2004,3337.0,4099,30214189.0,
Sudan,SDN,2005,3363.0,4144,30949514.0,
Sudan,SDN,2006,3222.0,4087,31661824.0,
Sudan,SDN,2007,2800.0,3688,32360619.0,
Sudan,SDN,2008,2345.0,3129,33060843.0,
Sudan,SDN,2009,2103.0,2866,33783779.0,
Sudan,SDN,2010,1919.0,2770,34545014.0,
Sudan,SDN,2011,1827.0,2820,35349676.0,
Sudan,SDN,2012,1867.0,2932,36193781.0,
Sudan,SDN,2013,1945.0,3174,37072555.0,
Sudan,SDN,2014,2153.0,3589,37977657.0,
Sudan,SDN,2015,2275.0,4023,38902948.0,Africa
Sudan,SDN,2016,2553.0,4581,39847433.0,
Sudan,SDN,2017,2810.0,5230,40813398.0,
Sudan,SDN,2018,2459.0,5854,41801532.0,
Sudan,SDN,2019,2337.0,6609,42813237.0,
Sudan,SDN,2020,,7533,43849269.0,
Suriname,SUR,2000,92.0,24,470944.0,
Suriname,SUR,2001,114.0,23,476574.0,
Suriname,SUR,2002,74.0,15,482228.0,
Suriname,SUR,2003,52.0,18,487938.0,
Suriname,SUR,2004,36.0,7,493680.0,
Suriname,SUR,2005,31.0,1,499461.0,
Suriname,SUR,2006,10.0,1,505292.0,
Suriname,SUR,2007,4.0,1,511181.0,
Suriname,SUR,2008,7.0,0,517121.0,
Suriname,SUR,2009,6.0,0,523113.0,
Suriname,SUR,2010,4.0,1,529126.0,
Suriname,SUR,2011,2.0,1,535177.0,
Suriname,SUR,2012,1.0,0,541247.0,
Suriname,SUR,2013,1.0,1,547295.0,
Suriname,SUR,2014,2.0,1,553278.0,
Suriname,SUR,2015,0.0,0,559136.0,South America
Suriname,SUR,2016,0.0,0,564883.0,
Suriname,SUR,2017,0.0,1,570501.0,
Suriname,SUR,2018,0.0,0,575987.0,
Suriname,SUR,2019,0.0,0,581363.0,
Suriname,SUR,2020,,0,586634.0,
Sweden,SWE,2020,,No malaria,10099270.0,
Switzerland,CHE,2020,,No malaria,8654618.0,
Syria,SYR,2000,0.0,0,16410847.0,
Syria,SYR,2001,1.0,0,16766555.0,
Syria,SYR,2002,0.0,0,17084628.0,
Syria,SYR,2003,0.0,0,17415214.0,
Syria,SYR,2004,0.0,0,17827827.0,
Syria,SYR,2005,0.0,0,18361178.0,
Syria,SYR,2006,0.0,0,19059257.0,
Syria,SYR,2007,0.0,0,19878257.0,
Syria,SYR,2008,0.0,0,20664037.0,
Syria,SYR,2009,0.0,0,21205873.0,
Syria,SYR,2010,0.0,0,21362541.0,
Syria,SYR,2011,0.0,0,21081814.0,
Syria,SYR,2012,0.0,0,20438861.0,
Syria,SYR,2013,0.0,0,19578466.0,
Syria,SYR,2014,0.0,0,18710711.0,
Syria,SYR,2015,0.0,0,17997411.0,Asia
Syria,SYR,2016,0.0,0,17465567.0,
Syria,SYR,2017,0.0,0,17095669.0,
Syria,SYR,2018,0.0,0,16945062.0,
Syria,SYR,2019,0.0,0,17070132.0,
Syria,SYR,2020,,No malaria,17500657.0,
Tajikistan,TJK,2000,99.0,0,6216329.0,
Tajikistan,TJK,2001,116.0,0,6318510.0,
Tajikistan,TJK,2002,79.0,0,6426861.0,
Tajikistan,TJK,2003,43.0,0,6541550.0,
Tajikistan,TJK,2004,28.0,0,6662391.0,
Tajikistan,TJK,2005,125.0,0,6789318.0,
Tajikistan,TJK,2006,55.0,0,6922590.0,
Tajikistan,TJK,2007,24.0,0,7062667.0,
Tajikistan,TJK,2008,15.0,0,7209924.0,
Tajikistan,TJK,2009,0.0,0,7364752.0,
Tajikistan,TJK,2010,0.0,0,7527397.0,
Tajikistan,TJK,2011,0.0,0,7697507.0,
Tajikistan,TJK,2012,0.0,0,7874838.0,
Tajikistan,TJK,2013,0.0,0,8059782.0,
Tajikistan,TJK,2014,0.0,0,8252827.0,
Tajikistan,TJK,2015,0.0,0,8454019.0,Asia
Tajikistan,TJK,2016,0.0,0,8663575.0,
Tajikistan,TJK,2017,0.0,0,8880270.0,
Tajikistan,TJK,2018,0.0,0,9100847.0,
Tajikistan,TJK,2019,0.0,0,9321023.0,
Tajikistan,TJK,2020,,No malaria,9537642.0,
Tanzania,TZA,2000,39213.0,40887,33499177.0,
Tanzania,TZA,2001,39868.0,38471,34385849.0,
Tanzania,TZA,2002,38046.0,33657,35334790.0,
Tanzania,TZA,2003,34476.0,30612,36337778.0,
Tanzania,TZA,2004,29536.0,27362,37379766.0,
Tanzania,TZA,2005,26847.0,25049,38450323.0,
Tanzania,TZA,2006,22804.0,23341,39548666.0,
Tanzania,TZA,2007,18263.0,22162,40681416.0,
Tanzania,TZA,2008,16863.0,21803,41853944.0,
Tanzania,TZA,2009,19367.0,21608,43073830.0,
Tanzania,TZA,2010,20550.0,21475,44346532.0,
Tanzania,TZA,2011,17850.0,21130,45673520.0,
Tanzania,TZA,2012,15044.0,20707,47053033.0,
Tanzania,TZA,2013,14613.0,21522,48483132.0,
Tanzania,TZA,2014,15040.0,22012,49960563.0,
Tanzania,TZA,2015,16496.0,22380,51482638.0,Africa
Tanzania,TZA,2016,16749.0,22999,53049231.0,
Tanzania,TZA,2017,16630.0,23021,54660345.0,
Tanzania,TZA,2018,16889.0,23376,56313444.0,
Tanzania,TZA,2019,17014.0,23742,58005461.0,
Tanzania,TZA,2020,,25972,59734213.0,
Thailand,THA,2000,318.0,625,62952639.0,
Thailand,THA,2001,233.0,424,63539190.0,
Thailand,THA,2002,182.0,361,64069093.0,
Thailand,THA,2003,187.0,204,64549867.0,
Thailand,THA,2004,135.0,230,64995303.0,
Thailand,THA,2005,155.0,161,65416189.0,
Thailand,THA,2006,146.0,113,65812539.0,
Thailand,THA,2007,170.0,97,66182064.0,
Thailand,THA,2008,135.0,101,66530979.0,
Thailand,THA,2009,124.0,70,66866834.0,
Thailand,THA,2010,131.0,80,67195032.0,
Thailand,THA,2011,99.0,43,67518379.0,
Thailand,THA,2012,70.0,37,67835969.0,
Thailand,THA,2013,81.0,47,68144519.0,
Thailand,THA,2014,68.0,38,68438748.0,
Thailand,THA,2015,7.0,33,68714519.0,Asia
Thailand,THA,2016,6.0,27,68971313.0,
Thailand,THA,2017,2.0,15,69209817.0,
Thailand,THA,2018,2.0,15,69428454.0,
Thailand,THA,2019,1.0,13,69625581.0,
Thailand,THA,2020,,3,69799978.0,
Timor,TLS,2000,35.0,241,884366.0,
Timor,TLS,2001,55.0,245,901214.0,
Timor,TLS,2002,137.0,199,922699.0,
Timor,TLS,2003,110.0,125,947110.0,
Timor,TLS,2004,366.0,449,971889.0,
Timor,TLS,2005,328.0,304,995130.0,
Timor,TLS,2006,376.0,326,1016437.0,
Timor,TLS,2007,355.0,226,1036387.0,
Timor,TLS,2008,447.0,271,1055428.0,
Timor,TLS,2009,320.0,198,1074286.0,
Timor,TLS,2010,310.0,198,1093517.0,
Timor,TLS,2011,118.0,69,1113154.0,
Timor,TLS,2012,14.0,10,1133002.0,
Timor,TLS,2013,2.0,2,1153288.0,
Timor,TLS,2014,1.0,0,1174333.0,
Timor,TLS,2015,0.0,0,1196294.0,Asia
Timor,TLS,2016,0.0,0,1219289.0,
Timor,TLS,2017,0.0,0,1243260.0,
Timor,TLS,2018,0.0,0,1267975.0,
Timor,TLS,2019,0.0,0,1293120.0,
Timor,TLS,2020,,0,1318442.0,
Togo,TGO,2000,4504.0,5462,4924406.0,
Togo,TGO,2001,4650.0,5427,5062571.0,
Togo,TGO,2002,5180.0,5560,5197040.0,
Togo,TGO,2003,5709.0,5897,5330629.0,
Togo,TGO,2004,6230.0,6473,5467770.0,
Togo,TGO,2005,6611.0,6808,5611643.0,
Togo,TGO,2006,6725.0,6601,5762881.0,
Togo,TGO,2007,6798.0,5987,5920360.0,
Togo,TGO,2008,6422.0,4912,6083417.0,
Togo,TGO,2009,5894.0,4142,6250840.0,
Togo,TGO,2010,5714.0,3917,6421674.0,
Togo,TGO,2011,5837.0,3917,6595939.0,
Togo,TGO,2012,6276.0,4389,6773807.0,
Togo,TGO,2013,6656.0,5042,6954721.0,
Togo,TGO,2014,6655.0,5210,7137997.0,
Togo,TGO,2015,6365.0,5058,7323162.0,Africa
Togo,TGO,2016,5750.0,4298,7509952.0,
Togo,TGO,2017,5098.0,3695,7698476.0,
Togo,TGO,2018,5294.0,3589,7889095.0,
Togo,TGO,2019,5436.0,3584,8082359.0,
Togo,TGO,2020,,No malaria,8278736.0,
Tonga,TON,2020,,No malaria,105697.0,
Trinidad and Tobago,TTO,2020,,No malaria,1399491.0,
Tunisia,TUN,2020,,No malaria,11818618.0,
Turkey,TUR,2000,8.0,0,63240196.0,
Turkey,TUR,2001,8.0,0,64192243.0,
Turkey,TUR,2002,7.0,0,65145357.0,
Turkey,TUR,2003,6.0,0,66089402.0,
Turkey,TUR,2004,6.0,0,67010929.0,
Turkey,TUR,2005,5.0,0,67903461.0,
Turkey,TUR,2006,5.0,0,68756809.0,
Turkey,TUR,2007,5.0,0,69581854.0,
Turkey,TUR,2008,0.0,0,70418612.0,
Turkey,TUR,2009,0.0,0,71321406.0,
Turkey,TUR,2010,0.0,0,72326992.0,
Turkey,TUR,2011,0.0,0,73443254.0,
Turkey,TUR,2012,0.0,0,74651046.0,
Turkey,TUR,2013,0.0,0,75925454.0,
Turkey,TUR,2014,0.0,0,77229262.0,
Turkey,TUR,2015,0.0,0,78529413.0,Asia
Turkey,TUR,2016,0.0,0,79827868.0,
Turkey,TUR,2017,0.0,0,81116451.0,
Turkey,TUR,2018,0.0,0,82340090.0,
Turkey,TUR,2019,0.0,0,83429607.0,
Turkey,TUR,2020,,No malaria,84339067.0,
Turkmenistan,TKM,2000,1.0,0,4516128.0,
Turkmenistan,TKM,2001,1.0,0,4564087.0,
Turkmenistan,TKM,2002,1.0,0,4610018.0,
Turkmenistan,TKM,2003,1.0,0,4655752.0,
Turkmenistan,TKM,2004,0.0,0,4703396.0,
Turkmenistan,TKM,2005,0.0,0,4754652.0,
Turkmenistan,TKM,2006,0.0,0,4810114.0,
Turkmenistan,TKM,2007,0.0,0,4870142.0,
Turkmenistan,TKM,2008,0.0,0,4935765.0,
Turkmenistan,TKM,2009,0.0,0,5007953.0,
Turkmenistan,TKM,2010,0.0,0,5087211.0,
Turkmenistan,TKM,2011,0.0,0,5174076.0,
Turkmenistan,TKM,2012,0.0,0,5267906.0,
Turkmenistan,TKM,2013,0.0,0,5366376.0,
Turkmenistan,TKM,2014,0.0,0,5466324.0,
Turkmenistan,TKM,2015,0.0,0,5565283.0,Asia
Turkmenistan,TKM,2016,0.0,0,5662371.0,
Turkmenistan,TKM,2017,0.0,0,5757667.0,
Turkmenistan,TKM,2018,0.0,0,5850902.0,
Turkmenistan,TKM,2019,0.0,0,5942094.0,
Turkmenistan,TKM,2020,,No malaria,6031187.0,
Tuvalu,TUV,2020,,No malaria,11792.0,
Uganda,UGA,2000,55586.0,45764,23650159.0,
Uganda,UGA,2001,57652.0,51831,24388974.0,
Uganda,UGA,2002,57993.0,50654,25167261.0,
Uganda,UGA,2003,57135.0,45326,25980547.0,
Uganda,UGA,2004,57092.0,37194,26821300.0,
Uganda,UGA,2005,51905.0,28954,27684590.0,
Uganda,UGA,2006,46798.0,25471,28571475.0,
Uganda,UGA,2007,44507.0,24820,29486335.0,
Uganda,UGA,2008,43621.0,27478,30431734.0,
Uganda,UGA,2009,40653.0,29622,31411096.0,
Uganda,UGA,2010,39357.0,27679,32428164.0,
Uganda,UGA,2011,35099.0,24423,33476771.0,
Uganda,UGA,2012,27954.0,20233,34558700.0,
Uganda,UGA,2013,22671.0,16421,35694519.0,
Uganda,UGA,2014,19575.0,15581,36911530.0,
Uganda,UGA,2015,22016.0,16198,38225447.0,Africa
Uganda,UGA,2016,27037.0,19158,39649173.0,
Uganda,UGA,2017,27740.0,21315,41166588.0,
Uganda,UGA,2018,22762.0,17652,42729032.0,
Uganda,UGA,2019,22587.0,17766,44269587.0,
Uganda,UGA,2020,,21699,45741000.0,
Ukraine,UKR,2020,,No malaria,43733759.0,
United Arab Emirates,ARE,2000,0.0,0,3134067.0,
United Arab Emirates,ARE,2001,0.0,0,3302722.0,
United Arab Emirates,ARE,2002,0.0,0,3478769.0,
United Arab Emirates,ARE,2003,0.0,0,3711931.0,
United Arab Emirates,ARE,2004,0.0,0,4068577.0,
United Arab Emirates,ARE,2005,0.0,0,4588222.0,
United Arab Emirates,ARE,2006,0.0,0,5300172.0,
United Arab Emirates,ARE,2007,0.0,0,6168846.0,
United Arab Emirates,ARE,2008,0.0,0,7089486.0,
United Arab Emirates,ARE,2009,0.0,0,7917368.0,
United Arab Emirates,ARE,2010,0.0,0,8549998.0,
United Arab Emirates,ARE,2011,0.0,0,8946778.0,
United Arab Emirates,ARE,2012,0.0,0,9141598.0,
United Arab Emirates,ARE,2013,0.0,0,9197908.0,
United Arab Emirates,ARE,2014,0.0,0,9214182.0,
United Arab Emirates,ARE,2015,0.0,0,9262896.0,Asia
United Arab Emirates,ARE,2016,0.0,0,9360975.0,
United Arab Emirates,ARE,2017,0.0,0,9487206.0,
United Arab Emirates,ARE,2018,0.0,0,9630966.0,
United Arab Emirates,ARE,2019,0.0,0,9770526.0,
United Arab Emirates,ARE,2020,,No malaria,9890400.0,
United Kingdom,GBR,2020,,No malaria,67886004.0,
United States,USA,2020,,No malaria,331002647.0,
Uruguay,URY,2020,,No malaria,3473727.0,
Uzbekistan,UZB,2000,4.0,0,24769955.0,
Uzbekistan,UZB,2001,4.0,0,25108554.0,
Uzbekistan,UZB,2002,4.0,0,25431116.0,
Uzbekistan,UZB,2003,4.0,0,25749109.0,
Uzbekistan,UZB,2004,4.0,0,26077614.0,
Uzbekistan,UZB,2005,4.0,0,26427785.0,
Uzbekistan,UZB,2006,4.0,0,26804067.0,
Uzbekistan,UZB,2007,3.0,0,27204711.0,
Uzbekistan,UZB,2008,3.0,0,27626981.0,
Uzbekistan,UZB,2009,0.0,0,28065469.0,
Uzbekistan,UZB,2010,0.0,0,28515908.0,
Uzbekistan,UZB,2011,0.0,0,28977006.0,
Uzbekistan,UZB,2012,0.0,0,29449415.0,
Uzbekistan,UZB,2013,0.0,0,29932630.0,
Uzbekistan,UZB,2014,0.0,0,30426394.0,
Uzbekistan,UZB,2015,0.0,0,30929556.0,Asia
Uzbekistan,UZB,2016,0.0,0,31441753.0,
Uzbekistan,UZB,2017,0.0,0,31959774.0,
Uzbekistan,UZB,2018,0.0,0,32476232.0,
Uzbekistan,UZB,2019,0.0,0,32981714.0,
Uzbekistan,UZB,2020,,No malaria,33469199.0,
Vanuatu,VUT,2000,49.0,34,184964.0,
Vanuatu,VUT,2001,44.0,24,189209.0,
Vanuatu,VUT,2002,93.0,52,193927.0,
Vanuatu,VUT,2003,127.0,68,198960.0,
Vanuatu,VUT,2004,126.0,61,204123.0,
Vanuatu,VUT,2005,94.0,35,209282.0,
Vanuatu,VUT,2006,81.0,30,214379.0,
Vanuatu,VUT,2007,60.0,36,219464.0,
Vanuatu,VUT,2008,48.0,37,224700.0,
Vanuatu,VUT,2009,50.0,22,230244.0,
Vanuatu,VUT,2010,43.0,27,236216.0,
Vanuatu,VUT,2011,24.0,14,242658.0,
Vanuatu,VUT,2012,16.0,0,249505.0,
Vanuatu,VUT,2013,9.0,0,256637.0,
Vanuatu,VUT,2014,2.0,0,263888.0,
Vanuatu,VUT,2015,1.0,0,271128.0,Oceania
Vanuatu,VUT,2016,1.0,0,278326.0,
Vanuatu,VUT,2017,1.0,0,285499.0,
Vanuatu,VUT,2018,1.0,0,292675.0,
Vanuatu,VUT,2019,1.0,0,299882.0,
Vanuatu,VUT,2020,,0,307150.0,
Venezuela,VEN,2000,58.0,26,24192449.0,
Venezuela,VEN,2001,30.0,15,24646471.0,
Venezuela,VEN,2002,23.0,19,25100407.0,
Venezuela,VEN,2003,38.0,27,25551624.0,
Venezuela,VEN,2004,29.0,30,25996594.0,
Venezuela,VEN,2005,36.0,34,26432445.0,
Venezuela,VEN,2006,48.0,33,26850190.0,
Venezuela,VEN,2007,58.0,37,27247601.0,
Venezuela,VEN,2008,38.0,26,27635827.0,
Venezuela,VEN,2009,55.0,36,28031010.0,
Venezuela,VEN,2010,72.0,53,28439942.0,
Venezuela,VEN,2011,67.0,47,28887873.0,
Venezuela,VEN,2012,75.0,56,29360827.0,
Venezuela,VEN,2013,134.0,105,29781046.0,
Venezuela,VEN,2014,136.0,110,30042973.0,
Venezuela,VEN,2015,223.0,150,30081827.0,South America
Venezuela,VEN,2016,291.0,261,29851249.0,
Venezuela,VEN,2017,423.0,424,29402480.0,
Venezuela,VEN,2018,514.0,373,28887117.0,
Venezuela,VEN,2019,667.0,351,28515829.0,
Venezuela,VEN,2020,,203,28435943.0,
Vietnam,VNM,2000,1312.0,421,79910411.0,
Vietnam,VNM,2001,1260.0,380,80742500.0,
Vietnam,VNM,2002,973.0,271,81534406.0,
Vietnam,VNM,2003,906.0,197,82301650.0,
Vietnam,VNM,2004,638.0,115,83062819.0,
Vietnam,VNM,2005,523.0,79,83832662.0,
Vietnam,VNM,2006,674.0,92,84617545.0,
Vietnam,VNM,2007,453.0,53,85419588.0,
Vietnam,VNM,2008,338.0,37,86243424.0,
Vietnam,VNM,2009,432.0,47,87092250.0,
Vietnam,VNM,2010,398.0,45,87967655.0,
Vietnam,VNM,2011,299.0,36,88871384.0,
Vietnam,VNM,2012,298.0,41,89801926.0,
Vietnam,VNM,2013,217.0,34,90752593.0,
Vietnam,VNM,2014,176.0,29,91713850.0,
Vietnam,VNM,2015,84.0,16,92677082.0,Asia
Vietnam,VNM,2016,45.0,7,93640435.0,
Vietnam,VNM,2017,68.0,9,94600643.0,
Vietnam,VNM,2018,61.0,6,95545959.0,
Vietnam,VNM,2019,59.0,5,96462108.0,
Vietnam,VNM,2020,,2,97338583.0,
Western Pacific,,2000,,6146,,
Western Pacific,,2001,,5272,,
Western Pacific,,2002,,4658,,
Western Pacific,,2003,,5039,,
Western Pacific,,2004,,5639,,
Western Pacific,,2005,,4496,,
Western Pacific,,2006,,4876,,
Western Pacific,,2007,,3834,,
Western Pacific,,2008,,3541,,
Western Pacific,,2009,,4701,,
Western Pacific,,2010,,3477,,
Western Pacific,,2011,,2996,,
Western Pacific,,2012,,3428,,
Western Pacific,,2013,,3971,,
Western Pacific,,2014,,3777,,
Western Pacific,,2015,,2450,,
Western Pacific,,2016,,2942,,
Western Pacific,,2017,,3037,,
Western Pacific,,2018,,2989,,
Western Pacific,,2019,,2560,,
Western Pacific,,2020,,3235,,
World,OWID_WRL,2000,882382.0,895555,6143776621.0,
World,OWID_WRL,2001,913037.0,891745,6222912459.0,
World,OWID_WRL,2002,929531.0,848042,6302062210.0,
World,OWID_WRL,2003,960008.0,824547,6381477292.0,
World,OWID_WRL,2004,961129.0,803391,6461454653.0,
World,OWID_WRL,2005,940883.0,777901,6542205330.0,
World,OWID_WRL,2006,942101.0,764206,6623819401.0,
World,OWID_WRL,2007,940521.0,744841,6706251239.0,
World,OWID_WRL,2008,933255.0,725008,6789396380.0,
World,OWID_WRL,2009,918165.0,720691,6873077808.0,
World,OWID_WRL,2010,910161.0,697948,6957137521.0,
World,OWID_WRL,2011,868828.0,651325,7041509491.0,
World,OWID_WRL,2012,806421.0,614215,7126144677.0,
World,OWID_WRL,2013,752017.0,588576,7210900157.0,
World,OWID_WRL,2014,724533.0,569324,7295610265.0,
World,OWID_WRL,2015,703065.0,562352,7380117870.0,
World,OWID_WRL,2016,660569.0,566171,7464344232.0,
World,OWID_WRL,2017,629854.0,574419,7548182589.0,
World,OWID_WRL,2018,631744.0,558402,7631091110.0,
World,OWID_WRL,2019,643381.0,557816,7713468203.0,
World,OWID_WRL,2020,,626868,7794798725.0,
Yemen,YEM,2000,5305.0,2640,17409071.0,
Yemen,YEM,2001,5329.0,2947,17918369.0,
Yemen,YEM,2002,4788.0,3283,18443684.0,
Yemen,YEM,2003,4552.0,2964,18985001.0,
Yemen,YEM,2004,4167.0,2391,19540096.0,
Yemen,YEM,2005,4065.0,2495,20107416.0,
Yemen,YEM,2006,3657.0,3027,20687648.0,
Yemen,YEM,2007,3643.0,2117,21282514.0,
Yemen,YEM,2008,2387.0,1361,21892149.0,
Yemen,YEM,2009,2859.0,1779,22516464.0,
Yemen,YEM,2010,4394.0,2866,23154854.0,
Yemen,YEM,2011,4057.0,2015,23807586.0,
Yemen,YEM,2012,4410.0,2197,24473176.0,
Yemen,YEM,2013,3955.0,1786,25147112.0,
Yemen,YEM,2014,4587.0,1498,25823488.0,
Yemen,YEM,2015,4196.0,1309,26497881.0,Asia
Yemen,YEM,2016,4537.0,1681,27168210.0,
Yemen,YEM,2017,4813.0,1886,27834811.0,
Yemen,YEM,2018,4519.0,2211,28498683.0,
Yemen,YEM,2019,5089.0,2134,29161922.0,
Yemen,YEM,2020,,1979,29825968.0,
Zambia,ZMB,2000,9052.0,13121,10415942.0,
Zambia,ZMB,2001,9427.0,13075,10692197.0,
Zambia,ZMB,2002,8913.0,11675,10971704.0,
Zambia,ZMB,2003,8336.0,10421,11256740.0,
Zambia,ZMB,2004,7365.0,9007,11550641.0,
Zambia,ZMB,2005,6111.0,7899,11856244.0,
Zambia,ZMB,2006,5116.0,7262,12173518.0,
Zambia,ZMB,2007,4955.0,6851,12502958.0,
Zambia,ZMB,2008,4317.0,6708,12848531.0,
Zambia,ZMB,2009,4451.0,6701,13215142.0,
Zambia,ZMB,2010,4531.0,6770,13605986.0,
Zambia,ZMB,2011,4332.0,7076,14023199.0,
Zambia,ZMB,2012,4638.0,7388,14465148.0,
Zambia,ZMB,2013,5523.0,7827,14926551.0,
Zambia,ZMB,2014,5609.0,8222,15399793.0,
Zambia,ZMB,2015,5235.0,8070,15879370.0,Africa
Zambia,ZMB,2016,4716.0,7988,16363449.0,
Zambia,ZMB,2017,4287.0,7825,16853608.0,
Zambia,ZMB,2018,4815.0,7862,17351714.0,
Zambia,ZMB,2019,4777.0,7996,17861034.0,
Zambia,ZMB,2020,,8946,18383956.0,
Zimbabwe,ZWE,2000,5353.0,2707,11881482.0,
Zimbabwe,ZWE,2001,5334.0,2716,11923906.0,
Zimbabwe,ZWE,2002,5458.0,2723,11954293.0,
Zimbabwe,ZWE,2003,6020.0,2730,11982219.0,
Zimbabwe,ZWE,2004,6279.0,2738,12019911.0,
Zimbabwe,ZWE,2005,6013.0,2751,12076697.0,
Zimbabwe,ZWE,2006,5490.0,2769,12155496.0,
Zimbabwe,ZWE,2007,6397.0,4326,12255920.0,
Zimbabwe,ZWE,2008,3993.0,1864,12379553.0,
Zimbabwe,ZWE,2009,4246.0,2276,12526964.0,
Zimbabwe,ZWE,2010,4546.0,2810,12697728.0,
Zimbabwe,ZWE,2011,3479.0,1837,12894323.0,
Zimbabwe,ZWE,2012,2763.0,1512,13115149.0,
Zimbabwe,ZWE,2013,3544.0,2205,13350378.0,
Zimbabwe,ZWE,2014,3685.0,2790,13586710.0,
Zimbabwe,ZWE,2015,2518.0,2718,13814642.0,Africa
Zimbabwe,ZWE,2016,2050.0,1933,14030338.0,
Zimbabwe,ZWE,2017,2116.0,3410,14236599.0,
Zimbabwe,ZWE,2018,2088.0,1624,14438812.0,
Zimbabwe,ZWE,2019,2068.0,2003,14645473.0,
Zimbabwe,ZWE,2020,,2951,14862927.0,
